customer_id,total_orders,total_revenue,average_order_value
18102,145,608821.65,4198.77
14646,151,528602.52,3500.68
14156,156,313759.82,2011.28
14911,398,295832.39,743.3
17450,51,246813.09,4839.47
13694,143,196482.81,1374.01
17511,60,175603.55,2926.73
16446,2,168472.5,84236.25
16684,55,147142.77,2675.32
12415,28,144458.37,5159.23
15061,127,137818.52,1085.19
16029,107,122035.14,1140.52
17949,118,118628.08,1005.32
13089,203,116647.53,574.62
15311,208,116575.49,560.46
12931,57,92347.34,1620.13
14298,82,91194.49,1112.13
15769,46,88704.32,1928.35
12346,12,77556.46,6463.04
13798,110,75836.87,689.43
15838,34,74163.0,2181.26
17841,211,70081.86,332.14
16754,29,67502.47,2327.67
14096,17,65164.79,3833.22
14088,16,64036.8,4002.3
16422,109,63589.07,583.39
13081,28,59205.15,2114.47
14680,58,57369.38,989.13
17389,61,57215.33,937.96
16013,84,57140.44,680.24
17850,155,56600.08,365.16
13777,61,56478.42,925.88
12748,336,55511.09,165.21
13093,55,54943.65,998.98
13408,106,51733.46,488.05
17404,23,47781.12,2077.44
13881,43,45179.1,1050.68
15749,3,44534.3,14844.77
16705,42,43515.05,1036.07
14031,44,40919.58,929.99
17381,38,40002.37,1052.69
12471,79,39918.19,505.29
15098,3,39916.5,13305.5
15039,93,39726.89,427.17
16210,35,38489.51,1099.7
17675,70,38259.6,546.57
17677,54,36675.06,679.17
12921,74,35921.04,485.42
13767,73,35540.53,486.86
12678,21,34281.18,1632.44
13902,5,34095.26,6819.05
15856,52,33847.27,650.91
16779,53,33165.94,625.77
14258,25,32051.34,1282.05
17428,45,31819.76,707.11
12681,45,30868.28,685.96
12709,34,30814.46,906.31
14606,192,30558.25,159.16
17940,16,30306.79,1894.17
13078,57,29532.45,518.11
13098,28,28882.44,1031.52
17857,24,28682.24,1195.09
14527,122,27764.21,227.58
15513,35,27750.55,792.87
16333,22,26626.8,1210.31
17865,46,26312.19,572.0
18251,9,26278.86,2919.87
13802,19,26259.11,1382.06
15498,44,25949.58,589.76
12731,17,25775.71,1516.22
14062,24,25585.65,1066.07
12744,11,25317.06,2301.55
12939,20,25264.8,1263.24
14895,38,25119.54,661.04
12621,35,24775.81,707.88
16525,48,24562.74,511.72
17920,54,24256.74,449.2
13001,33,24042.65,728.57
12682,52,24025.51,462.03
15640,29,23828.03,821.66
14607,22,23763.13,1080.14
12482,29,23691.4,816.94
12409,7,23419.29,3345.61
16133,56,22992.26,410.58
14063,9,22710.2,2523.36
14051,37,22394.4,605.25
16839,44,22310.49,507.06
17340,18,22289.22,1238.29
12540,33,22254.49,674.38
15159,34,22116.73,650.49
13340,12,22100.56,1841.71
13319,58,22082.5,380.73
14667,54,21593.05,399.87
12753,6,21429.39,3571.57
15615,47,21373.97,454.77
14866,19,20850.22,1097.38
17706,31,20749.98,669.35
12433,10,20581.26,2058.13
17243,69,20460.48,296.53
15251,21,20324.54,967.84
12477,9,20276.37,2252.93
18008,23,19759.08,859.09
16843,35,19571.43,559.18
17139,25,19566.76,782.67
17581,43,18737.95,435.77
12557,8,18716.14,2339.52
14194,36,18670.59,518.63
13113,37,18603.04,502.78
12357,3,18287.66,6095.89
17377,78,18232.57,233.75
15808,21,18133.3,863.49
16746,42,18046.75,429.68
12647,36,17924.35,497.9
12472,19,17880.59,941.08
15078,53,17761.88,335.13
12901,28,17654.54,630.52
14952,32,17629.35,550.92
16652,16,17550.39,1096.9
15189,46,17524.38,380.96
18172,52,17467.24,335.91
16019,27,17329.16,641.82
17416,22,17298.45,786.29
15523,16,17259.19,1078.7
17735,26,17244.93,663.27
13027,19,17239.2,907.33
14277,9,17197.61,1910.85
15358,42,17050.41,405.96
13564,37,17035.02,460.41
15125,24,17024.87,709.37
16656,30,16833.17,561.11
12454,5,16679.78,3335.96
16553,33,16584.01,502.55
13199,67,16432.89,245.27
14961,22,16410.15,745.92
13225,16,16260.07,1016.25
16180,13,16249.87,1249.99
12980,21,16245.78,773.61
18092,18,16179.44,898.86
14733,15,16165.17,1077.68
17107,10,16052.72,1605.27
15044,35,16024.15,457.83
12971,116,15972.79,137.7
17716,24,15956.97,664.87
14849,43,15763.45,366.59
16191,24,15677.82,653.24
13488,23,15587.88,677.73
12949,22,15526.7,705.76
14769,17,15514.11,912.59
15768,34,15308.89,450.26
15601,30,14960.12,498.67
18087,17,14761.52,868.32
16126,15,14644.6,976.31
17133,12,14622.33,1218.53
16873,12,14617.39,1218.12
14543,39,14587.87,374.05
16713,32,14529.99,454.06
17448,46,14523.67,315.73
14299,27,14499.49,537.02
12583,27,14447.44,535.09
15482,19,14417.36,758.81
15093,23,14326.11,622.87
17017,29,14110.61,486.57
13090,24,14100.14,587.51
12714,12,14093.71,1174.48
12476,23,14083.91,612.34
13178,21,14059.19,669.49
18223,26,14000.85,538.49
15005,56,13977.08,249.59
15502,14,13933.27,995.23
12435,6,13925.93,2320.99
15760,2,13916.34,6958.17
16558,38,13873.51,365.09
15291,40,13846.56,346.16
17589,18,13837.94,768.77
15032,8,13780.65,1722.58
15382,12,13733.55,1144.46
12567,15,13709.86,913.99
12989,33,13551.75,410.66
13468,72,13375.51,185.77
15738,41,13372.97,326.17
13629,19,13370.86,703.73
13097,28,13324.1,475.86
13969,35,13291.05,379.74
16923,32,13157.13,411.16
18225,26,13044.8,501.72
14049,13,13023.4,1001.8
14110,33,12987.95,393.57
13668,35,12948.48,369.96
13316,10,12940.82,1294.08
13952,14,12823.52,915.97
16549,34,12781.8,375.94
17858,30,12754.9,425.16
16161,43,12744.26,296.38
12683,21,12696.78,604.61
12437,39,12683.4,325.22
12451,8,12669.88,1583.73
15465,32,12636.15,394.88
13013,29,12625.77,435.37
12536,3,12601.83,4200.61
14040,35,12523.81,357.82
15194,28,12427.69,443.85
14936,12,12410.81,1034.23
16000,3,12393.7,4131.23
12474,31,12372.75,399.12
12481,15,12344.89,822.99
13050,35,12314.53,351.84
14739,25,12287.5,491.5
13854,39,12253.96,314.2
14735,56,12240.16,218.57
16814,36,12198.14,338.84
13418,31,12182.9,393.0
15144,29,12160.31,419.32
15555,36,12062.69,335.07
15023,20,12008.05,600.4
14415,23,11980.09,520.87
17364,28,11972.92,427.6
17044,12,11962.3,996.86
13458,16,11959.27,747.45
16258,15,11942.52,796.17
16523,28,11916.33,425.58
17338,17,11889.33,699.37
14505,19,11879.08,625.21
18226,26,11878.88,456.88
12705,14,11762.1,840.15
14426,17,11727.94,689.88
13102,37,11696.92,316.13
13004,36,11650.85,323.63
13576,28,11551.74,412.56
15218,22,11468.83,521.31
13680,12,11419.67,951.64
14016,11,11403.41,1036.67
12668,10,11383.03,1138.3
17809,20,11337.39,566.87
14045,16,11313.03,707.06
15874,21,11284.76,537.37
12539,7,11214.75,1602.11
18055,14,11143.12,795.94
12524,17,11126.11,654.48
14134,15,11123.35,741.56
13941,15,11122.3,741.49
16985,23,10923.16,474.92
14796,27,10840.54,401.5
15694,24,10810.81,450.45
18229,28,10803.71,385.85
12431,27,10790.47,399.65
16033,27,10764.45,398.68
16327,16,10695.24,668.45
16168,66,10636.47,161.16
13324,18,10513.47,584.08
15290,26,10496.28,403.7
14028,3,10396.5,3465.5
16984,9,10350.53,1150.06
15296,12,10323.03,860.25
14422,19,10271.52,540.61
17160,17,10209.16,600.54
15719,31,10195.97,328.9
13599,33,10163.88,308.0
15805,30,10148.93,338.3
12839,26,10071.73,387.37
12766,9,10068.28,1118.7
15547,26,10057.05,386.81
14085,33,10028.72,303.9
13985,22,10020.86,455.49
16782,38,10000.32,263.17
16353,38,9999.46,263.14
14755,25,9972.55,398.9
16182,9,9971.65,1107.96
14101,13,9961.93,766.3
16131,12,9957.42,829.78
18260,23,9947.26,432.49
17049,19,9942.53,523.29
16701,26,9916.73,381.41
12758,7,9903.24,1414.75
14329,15,9887.62,659.17
13327,20,9879.48,493.97
12590,2,9864.26,4932.13
14828,13,9839.46,756.88
18109,38,9833.16,258.77
12490,21,9823.64,467.79
14944,19,9784.67,514.98
17306,21,9782.35,465.83
13018,35,9763.16,278.95
13735,13,9762.77,750.98
13267,36,9758.26,271.06
12380,11,9676.3,879.66
14135,24,9643.92,401.83
13069,38,9616.95,253.08
17315,43,9599.58,223.25
14091,2,9530.08,4765.04
17811,47,9519.8,202.55
14060,30,9519.08,317.3
13999,29,9502.26,327.66
17504,18,9490.17,527.23
15298,23,9459.37,411.28
14146,12,9450.3,787.52
14439,5,9443.04,1888.61
13758,15,9416.98,627.8
17230,18,9388.49,521.58
15727,15,9371.71,624.78
16550,18,9368.24,520.46
17757,56,9366.5,167.26
13174,12,9364.42,780.37
15981,21,9362.77,445.85
13162,16,9275.49,579.72
15249,18,9266.0,514.78
12747,26,9257.04,356.04
15570,25,9254.14,370.17
14367,16,9227.82,576.74
14292,16,9226.25,576.64
13448,13,9189.89,706.91
13756,23,9188.75,399.51
15260,25,9188.23,367.53
16700,25,9167.71,366.71
17068,47,9153.83,194.76
15939,16,9060.39,566.27
16709,14,9056.01,646.86
15867,31,9034.95,291.45
12755,11,9030.66,820.97
16186,26,9026.11,347.16
16722,22,8989.08,408.59
15150,13,8977.94,690.61
15903,12,8939.84,744.99
13555,13,8891.84,683.99
13269,28,8888.75,317.46
14709,25,8886.33,355.45
12359,10,8873.39,887.34
17576,41,8831.6,215.4
17396,14,8807.1,629.08
13047,24,8795.16,366.46
16532,5,8756.64,1751.33
12957,13,8706.97,669.77
13263,39,8676.2,222.47
15955,22,8658.36,393.56
15497,9,8657.39,961.93
18041,38,8633.66,227.2
16945,33,8548.16,259.04
15281,16,8543.57,533.97
15270,21,8524.86,405.95
15984,30,8515.72,283.86
12798,4,8510.93,2127.73
13209,13,8509.51,654.58
15786,5,8501.62,1700.32
13148,26,8497.82,326.84
14286,7,8479.76,1211.39
18139,6,8438.34,1406.39
13715,17,8425.69,495.63
14160,7,8421.47,1203.07
14676,12,8356.79,696.4
14057,22,8346.66,379.39
17611,28,8337.53,297.77
13206,13,8308.19,639.09
12643,12,8304.82,692.07
17686,9,8296.81,921.87
12637,12,8283.81,690.32
15998,16,8274.14,517.13
12720,30,8260.67,275.36
15034,14,8231.2,587.94
13381,12,8224.37,685.36
13139,8,8202.98,1025.37
14030,20,8198.3,409.91
17365,15,8184.49,545.63
13426,22,8167.38,371.24
15544,20,8162.43,408.12
14056,23,8152.71,354.47
16672,20,8134.94,406.75
14395,20,8110.61,405.53
17593,11,8092.32,735.67
17426,13,8077.77,621.37
16767,15,8056.76,537.12
16670,20,8030.15,401.51
14525,17,8026.54,472.15
16556,17,8012.58,471.33
13869,10,7996.87,799.69
15299,10,7991.54,799.15
12428,9,7956.46,884.05
16303,7,7928.27,1132.61
14291,23,7904.1,343.66
13871,17,7885.85,463.87
14159,20,7860.8,393.04
15622,17,7852.61,461.92
17085,28,7847.67,280.27
12757,13,7834.65,602.67
12867,13,7829.26,602.25
14282,25,7821.76,312.87
16592,28,7807.91,278.85
17409,10,7793.51,779.35
17091,19,7789.2,409.96
17730,20,7773.8,388.69
15581,38,7752.74,204.02
14800,17,7747.17,455.72
17739,18,7730.59,429.48
13534,35,7720.9,220.6
17238,32,7701.76,240.68
17696,27,7679.59,284.43
14175,8,7678.88,959.86
13141,17,7656.08,450.36
14688,28,7635.4,272.69
15046,25,7623.79,304.95
14145,7,7600.05,1085.72
13373,6,7587.19,1264.53
13137,16,7586.94,474.18
15301,17,7583.04,446.06
13709,18,7571.35,420.63
15179,13,7491.92,576.3
12429,8,7485.91,935.74
13815,8,7475.74,934.47
12841,40,7464.19,186.6
16570,20,7434.31,371.72
14243,17,7431.05,437.12
17690,20,7412.0,370.6
16242,14,7404.65,528.9
17602,14,7354.43,525.32
13082,21,7335.75,349.32
16253,7,7272.2,1038.89
14092,24,7229.45,301.23
16729,21,7205.33,343.11
12712,21,7193.66,342.56
16745,17,7180.7,422.39
14841,14,7163.0,511.64
17965,29,7157.2,246.8
15950,10,7120.91,712.09
15521,16,7098.24,443.64
14113,16,7092.61,443.29
13451,11,7090.06,644.55
13983,21,7083.25,337.3
17231,25,7064.8,282.59
17769,17,7053.38,414.9
13183,15,7036.18,469.08
17975,24,7010.43,292.1
16938,9,6995.36,777.26
13831,18,6993.54,388.53
12662,20,6988.02,349.4
16717,14,6970.93,497.92
13552,22,6948.92,315.86
15674,13,6948.23,534.48
16265,12,6935.17,577.93
16187,15,6911.44,460.76
13520,11,6909.4,628.13
12749,9,6897.36,766.37
16170,20,6869.0,343.45
15129,23,6860.18,298.27
18231,28,6854.17,244.79
16401,23,6849.15,297.79
12613,10,6817.37,681.74
12830,6,6814.64,1135.77
16145,19,6805.44,358.18
15413,5,6798.72,1359.74
12417,20,6797.41,339.87
14401,22,6795.9,308.9
15750,18,6793.51,377.42
16456,13,6788.34,522.18
13993,19,6775.71,356.62
12779,14,6722.27,480.16
15321,12,6709.73,559.14
14844,10,6702.43,670.24
14388,16,6701.0,418.81
12913,13,6700.86,515.45
13734,4,6695.69,1673.92
16497,23,6695.28,291.1
18118,29,6693.13,230.8
13384,11,6680.83,607.35
17700,14,6679.97,477.14
14702,29,6679.23,230.32
14461,13,6676.91,513.61
17001,19,6640.8,349.52
13953,12,6640.68,553.39
14440,13,6638.73,510.67
14562,26,6638.15,255.31
13394,19,6621.7,348.51
12626,9,6620.48,735.61
17819,12,6612.52,551.04
12843,30,6583.36,219.45
13015,11,6579.78,598.16
13883,15,6560.02,437.33
12836,15,6559.73,437.32
14766,11,6556.13,596.01
15332,6,6553.74,1092.29
15980,7,6543.68,934.81
14855,7,6520.3,931.47
14221,17,6517.49,383.38
17838,13,6507.5,500.58
12823,18,6501.5,361.19
17419,18,6500.52,361.14
18061,28,6488.97,231.75
13317,19,6486.09,341.37
17873,18,6470.28,359.46
14154,8,6460.7,807.59
16940,8,6427.66,803.46
16655,13,6423.26,494.1
12656,8,6407.83,800.98
15514,18,6392.06,355.11
18094,13,6391.52,491.66
12406,5,6390.36,1278.07
14390,13,6373.73,490.29
12356,6,6371.73,1061.95
14227,15,6368.71,424.58
12484,12,6354.1,529.51
13590,18,6336.04,352.0
18245,20,6324.98,316.25
14180,33,6319.25,191.49
13654,11,6308.0,573.45
16710,22,6291.77,285.99
15480,5,6279.0,1255.8
13136,13,6274.56,482.66
13615,8,6272.53,784.07
14004,11,6258.45,568.95
15369,11,6251.26,568.3
12497,3,6248.5,2082.83
17799,20,6246.93,312.35
16735,14,6217.41,444.1
13230,30,6213.46,207.12
15673,9,6204.32,689.37
13334,5,6201.8,1240.36
16103,22,6191.71,281.44
16156,20,6188.18,309.41
14534,26,6187.66,237.99
14907,16,6165.79,385.36
17669,10,6142.35,614.24
13266,19,6135.04,322.9
14852,18,6132.43,340.69
13935,3,6116.92,2038.97
14560,44,6114.03,138.96
18178,11,6103.74,554.89
14530,16,6088.87,380.55
17509,8,6083.64,760.45
16954,20,6081.88,304.09
12664,11,6070.04,551.82
17644,20,6028.6,301.43
13658,9,6025.5,669.5
15372,8,6017.06,752.13
15202,3,6001.49,2000.5
12835,41,5996.83,146.26
15755,17,5993.12,352.54
14105,5,5988.83,1197.77
17457,14,5984.81,427.49
17491,17,5981.07,351.83
17625,8,5978.9,747.36
14535,9,5973.23,663.69
15785,16,5969.93,373.12
14918,9,5955.81,661.76
12500,19,5955.21,313.43
14257,9,5954.45,661.61
17685,12,5907.47,492.29
15971,18,5902.83,327.94
12455,10,5879.95,588.0
18065,29,5866.63,202.3
14210,16,5861.52,366.34
17146,13,5852.64,450.2
16011,29,5838.96,201.34
14112,13,5834.59,448.81
14189,16,5814.39,363.4
13769,20,5800.42,290.02
12910,13,5796.52,445.89
17069,14,5794.28,413.88
18075,20,5783.29,289.16
17672,7,5778.63,825.52
14099,20,5750.91,287.55
15485,7,5750.51,821.5
17863,12,5745.2,478.77
16316,13,5744.91,441.92
12615,8,5740.98,717.62
13771,9,5728.82,636.54
13870,15,5712.08,380.81
16607,25,5706.87,228.27
17651,16,5703.52,356.47
16279,9,5698.28,633.14
16458,30,5690.89,189.7
13157,9,5687.36,631.93
12727,10,5679.53,567.95
12633,7,5678.16,811.17
13901,15,5676.34,378.42
16409,12,5652.74,471.06
15628,17,5652.26,332.49
13722,10,5635.41,563.54
12347,8,5633.32,704.16
13842,18,5629.91,312.77
16320,6,5628.99,938.16
16003,10,5613.83,561.38
18145,11,5609.74,509.98
16200,12,5608.1,467.34
16546,5,5606.47,1121.29
17059,9,5586.93,620.77
15228,6,5580.27,930.05
15854,21,5578.28,265.63
17203,10,5564.09,556.41
15527,23,5554.89,241.52
14572,11,5526.88,502.44
14732,19,5517.07,290.37
15898,25,5513.09,220.52
17092,11,5511.41,501.04
17204,9,5504.69,611.63
13115,10,5494.7,549.47
16609,7,5493.46,784.78
13593,14,5493.29,392.38
16393,23,5482.57,238.37
16992,13,5476.5,421.27
17512,18,5467.82,303.77
12480,7,5464.85,780.69
18198,17,5425.56,319.15
12378,2,5416.32,2708.16
14713,21,5414.71,257.84
14626,11,5410.92,491.9
14249,12,5400.46,450.04
17719,15,5396.04,359.74
17612,18,5394.86,299.71
13362,7,5394.07,770.58
13014,11,5381.08,489.19
14459,2,5375.74,2687.87
13495,10,5374.26,537.43
14442,7,5367.02,766.72
12362,11,5356.23,486.93
17567,9,5356.03,595.11
15641,12,5345.55,445.46
16008,15,5339.13,355.94
12708,18,5314.1,295.23
17584,6,5309.42,884.9
14081,10,5291.09,529.11
15394,11,5286.8,480.62
15152,14,5263.83,375.99
13931,11,5257.38,477.94
13975,12,5256.4,438.03
13107,9,5253.07,583.67
14930,6,5236.73,872.79
15722,11,5234.0,475.82
17061,11,5232.23,475.66
12422,17,5231.8,307.75
15606,17,5230.99,307.71
13763,3,5217.44,1739.15
15812,12,5201.47,433.46
14546,11,5184.84,471.35
16931,23,5184.27,225.4
17213,13,5182.3,398.64
12510,9,5178.02,575.34
17663,17,5175.83,304.46
15796,17,5171.63,304.21
12625,4,5164.88,1291.22
17157,19,5151.9,271.15
16153,11,5133.49,466.68
17346,26,5132.72,197.41
16308,7,5120.0,731.43
15443,14,5114.23,365.3
13329,8,5112.97,639.12
17519,15,5109.47,340.63
16919,24,5108.01,212.83
13523,6,5101.52,850.25
12483,19,5097.18,268.27
17402,23,5095.53,221.54
12594,15,5090.11,339.34
17861,18,5088.29,282.68
14493,10,5087.86,508.79
15367,11,5081.33,461.94
15529,12,5079.32,423.28
14307,10,5071.03,507.1
12395,15,5067.27,337.82
12432,5,5059.32,1011.86
18144,19,5058.0,266.21
17469,17,5051.25,297.13
17802,10,5046.42,504.64
12600,21,5043.92,240.19
13634,16,5033.77,314.61
12759,8,5020.74,627.59
16904,21,5014.06,238.76
12444,5,5005.46,1001.09
17084,3,5001.21,1667.07
14209,15,4993.27,332.88
14639,9,4978.96,553.22
13198,8,4974.23,621.78
12562,9,4966.92,551.88
17758,12,4964.03,413.67
16905,17,4961.17,291.83
12700,4,4939.99,1235.0
14970,12,4919.35,409.95
14825,24,4919.18,204.97
16143,12,4910.83,409.24
17314,17,4904.43,288.5
16255,15,4904.25,326.95
17406,13,4889.05,376.08
16986,11,4888.75,444.43
13021,17,4887.24,287.48
13659,12,4884.68,407.06
17596,13,4882.43,375.57
16686,16,4881.07,305.07
15379,8,4877.84,609.73
14107,11,4877.3,443.39
17449,13,4868.15,374.47
17652,12,4867.72,405.64
14032,16,4850.27,303.14
13044,11,4848.05,440.73
13562,8,4838.18,604.77
12449,6,4835.89,805.98
17191,15,4820.45,321.36
14191,15,4817.66,321.18
13875,14,4814.37,343.88
15187,16,4777.18,298.57
15002,9,4769.73,529.97
13988,8,4757.8,594.73
12955,11,4757.16,432.47
17829,5,4756.74,951.35
17082,6,4732.03,788.67
16326,24,4721.25,196.72
14235,9,4717.99,524.22
13958,8,4709.23,588.65
12589,8,4695.66,586.96
15410,10,4685.72,468.57
16858,10,4668.28,466.83
13971,14,4667.57,333.4
16293,15,4657.95,310.53
15123,5,4656.17,931.23
15484,6,4652.1,775.35
17050,11,4648.59,422.6
14466,13,4646.9,357.45
12578,4,4642.45,1160.61
13124,4,4641.66,1160.41
15271,24,4640.29,193.35
18097,11,4627.92,420.72
17400,8,4623.28,577.91
17442,15,4620.3,308.02
12782,11,4618.24,419.84
14441,11,4611.69,419.24
15245,8,4610.84,576.36
12553,12,4608.75,384.06
13851,8,4606.46,575.81
18257,12,4600.15,383.35
17188,13,4592.93,353.3
16125,14,4581.7,327.26
17508,8,4579.23,572.4
15416,7,4572.82,653.26
13491,27,4566.56,169.13
13510,11,4558.29,414.39
15365,13,4557.13,350.55
17613,14,4544.55,324.61
13527,12,4541.29,378.44
13571,26,4537.26,174.51
14685,8,4536.64,567.08
12598,11,4534.09,412.19
14001,9,4530.09,503.34
14290,8,4516.56,564.57
17308,2,4511.76,2255.88
15680,10,4507.58,450.76
15764,8,4503.08,562.88
14625,11,4497.88,408.9
15122,11,4487.27,407.93
14701,15,4487.11,299.14
18064,11,4481.83,407.44
12916,7,4479.73,639.96
12627,7,4478.53,639.79
14648,15,4466.65,297.78
18069,11,4464.92,405.9
16912,15,4460.51,297.37
15240,12,4459.98,371.66
17220,21,4457.31,212.25
17682,11,4456.78,405.16
18093,8,4452.71,556.59
14341,18,4452.02,247.33
17754,13,4451.22,342.4
13435,9,4447.33,494.15
16098,14,4441.3,317.24
16218,13,4439.97,341.54
16081,8,4436.56,554.57
17722,5,4430.36,886.07
12349,4,4428.69,1107.17
15845,11,4426.28,402.39
17412,16,4417.52,276.1
17138,7,4417.27,631.04
16626,17,4413.1,259.59
16563,6,4412.56,735.43
14211,18,4402.29,244.57
15203,15,4400.18,293.35
16150,10,4395.59,439.56
13505,4,4393.63,1098.41
13880,17,4391.66,258.33
16732,4,4387.64,1096.91
18272,9,4385.98,487.33
13982,9,4382.89,486.99
14514,9,4380.04,486.67
16455,11,4376.87,397.9
15861,12,4369.2,364.1
13297,7,4368.62,624.09
12917,6,4359.2,726.53
12523,23,4352.35,189.23
16283,8,4350.32,543.79
17372,28,4347.31,155.26
12408,8,4340.77,542.6
15633,13,4335.96,333.54
16477,11,4320.02,392.73
14334,12,4318.48,359.87
18259,7,4318.2,616.89
12370,7,4316.56,616.65
12967,3,4306.92,1435.64
14482,12,4306.72,358.89
12928,12,4304.89,358.74
14854,11,4303.06,391.19
17937,7,4301.22,614.46
18230,9,4291.06,476.78
18077,18,4283.66,237.98
17930,13,4275.22,328.86
16241,16,4270.51,266.91
14239,21,4263.17,203.01
14047,14,4255.03,303.93
12360,8,4252.89,531.61
16571,10,4248.74,424.87
12935,15,4243.86,282.92
17728,5,4238.76,847.75
13911,20,4234.99,211.75
16875,11,4234.53,384.96
16712,13,4232.87,325.61
16743,14,4212.15,300.87
15804,13,4206.39,323.57
15708,9,4204.44,467.16
18079,5,4203.93,840.79
15518,15,4189.99,279.33
15752,9,4184.56,464.95
14868,12,4184.01,348.67
17738,13,4183.56,321.81
18287,7,4182.99,597.57
16072,4,4180.09,1045.02
17218,18,4178.93,232.16
17673,13,4173.88,321.07
17526,12,4166.04,347.17
18194,6,4162.04,693.67
14740,11,4161.06,378.28
12653,3,4160.83,1386.94
13461,6,4160.0,693.33
16749,2,4157.88,2078.94
17646,12,4149.79,345.82
16209,9,4146.78,460.75
12569,32,4124.69,128.9
15493,9,4121.68,457.96
13450,13,4120.04,316.93
14408,11,4102.27,372.93
14566,4,4092.0,1023.0
15050,5,4087.19,817.44
12876,4,4081.79,1020.45
14878,25,4076.5,163.06
14913,8,4073.13,509.14
12371,5,4067.38,813.48
13421,8,4058.75,507.34
14025,8,4057.9,507.24
15024,16,4050.61,253.16
17083,9,4049.79,449.98
17287,21,4049.56,192.84
13048,9,4049.13,449.9
17211,13,4046.65,311.28
12840,7,4041.97,577.42
14824,10,4022.91,402.29
12726,11,4014.6,364.96
15782,4,4014.1,1003.52
16928,29,4013.78,138.41
12721,8,4013.08,501.63
13895,6,4008.52,668.09
16841,12,4006.06,333.84
17618,11,4001.64,363.79
17307,11,3999.89,363.63
13126,13,3998.25,307.56
15665,5,3987.07,797.41
14547,8,3974.75,496.84
15572,10,3965.2,396.52
17019,11,3961.11,360.1
14817,7,3959.86,565.69
13542,17,3959.49,232.91
16791,15,3957.63,263.84
17667,9,3950.7,438.97
16771,10,3949.6,394.96
16719,14,3944.35,281.74
15858,13,3936.34,302.8
15819,10,3934.79,393.48
17954,19,3933.06,207.0
12473,5,3928.05,785.61
15051,9,3926.91,436.32
14465,11,3925.85,356.9
15983,8,3924.02,490.5
13037,12,3914.95,326.25
12853,11,3907.5,355.23
13995,14,3902.01,278.71
12388,8,3901.11,487.64
14498,10,3900.83,390.08
15823,3,3897.17,1299.06
15571,14,3892.35,278.02
12358,5,3887.07,777.41
14744,14,3885.08,277.51
13446,11,3881.89,352.9
15696,13,3881.22,298.56
15288,10,3881.03,388.1
14655,7,3878.51,554.07
15067,5,3862.88,772.58
18073,12,3859.82,321.65
14565,5,3859.22,771.84
16440,6,3856.97,642.83
16057,10,3854.85,385.49
13213,11,3851.52,350.14
16341,7,3850.79,550.11
14532,11,3845.78,349.62
17659,14,3834.79,273.91
13481,11,3830.84,348.26
12597,4,3811.22,952.8
13357,5,3805.51,761.1
15421,10,3805.34,380.53
16636,4,3802.04,950.51
16128,11,3801.05,345.55
15827,28,3794.07,135.5
17071,13,3793.71,291.82
12619,10,3781.38,378.14
14309,11,3780.81,343.71
15811,7,3776.0,539.43
15079,11,3767.35,342.49
16466,15,3767.09,251.14
17173,8,3766.6,470.83
15834,7,3764.39,537.77
12670,7,3760.29,537.18
12530,9,3759.26,417.7
17553,4,3757.6,939.4
14409,9,3756.09,417.34
13305,16,3752.61,234.54
17293,17,3750.63,220.63
12623,7,3747.84,535.41
15370,8,3739.01,467.38
15532,10,3738.85,373.89
15704,6,3734.66,622.44
16539,10,3732.01,373.2
14515,12,3724.06,310.34
12502,5,3723.87,744.77
16240,2,3718.8,1859.4
14364,8,3717.35,464.67
16950,10,3713.77,371.38
12737,2,3710.5,1855.25
14540,11,3709.64,337.24
14776,15,3708.3,247.22
15255,9,3706.02,411.78
15351,10,3704.89,370.49
15494,5,3702.6,740.52
18168,16,3698.8,231.18
16772,3,3698.05,1232.68
17096,11,3697.93,336.18
16094,11,3695.56,335.96
12857,6,3688.0,614.67
12468,5,3670.74,734.15
14593,12,3665.53,305.46
12872,12,3662.49,305.21
16983,11,3654.02,332.18
17655,9,3652.48,405.83
14857,7,3651.85,521.69
14649,9,3651.19,405.69
14640,10,3649.36,364.94
15953,18,3648.08,202.67
13632,8,3645.81,455.73
17063,13,3638.53,279.89
14770,8,3637.64,454.7
16748,14,3637.33,259.81
16053,6,3634.84,605.81
17528,8,3628.5,453.56
16444,17,3625.88,213.29
16503,11,3614.34,328.58
16718,5,3612.13,722.43
15505,5,3610.96,722.19
15791,5,3608.34,721.67
18242,8,3605.21,450.65
13750,11,3602.18,327.47
12963,12,3601.59,300.13
16325,12,3597.5,299.79
17422,11,3594.76,326.8
14653,12,3593.06,299.42
14132,11,3586.03,326.0
15569,10,3583.45,358.35
17679,7,3577.61,511.09
17311,6,3566.56,594.43
18219,17,3562.89,209.58
17848,30,3559.11,118.64
14737,4,3554.17,888.54
15222,11,3550.91,322.81
14882,14,3546.65,253.33
14503,6,3543.26,590.54
12645,8,3539.3,442.41
17924,8,3536.7,442.09
16395,14,3518.41,251.31
16336,4,3517.69,879.42
15113,3,3509.43,1169.81
18044,18,3505.61,194.76
14934,5,3503.5,700.7
13929,11,3494.1,317.65
15059,19,3491.2,183.75
13577,11,3489.28,317.21
15306,9,3484.73,387.19
17597,5,3484.09,696.82
12631,6,3481.57,580.26
15380,11,3479.06,316.28
15712,12,3472.41,289.37
13849,5,3469.3,693.86
14533,11,3466.37,315.12
14898,14,3464.45,247.46
14837,9,3460.32,384.48
16360,6,3450.41,575.07
13313,12,3445.32,287.11
13536,7,3444.39,492.06
16347,11,3442.96,313.0
15974,7,3442.15,491.74
16208,10,3440.45,344.04
17725,11,3439.08,312.64
12609,9,3435.86,381.76
15676,3,3435.76,1145.25
16045,8,3434.93,429.37
17913,14,3429.29,244.95
12377,4,3426.32,856.58
17876,3,3424.02,1141.34
16281,3,3424.02,1141.34
15373,17,3418.84,201.11
14217,23,3416.89,148.56
14215,9,3416.33,379.59
14673,7,3410.81,487.26
13437,7,3408.06,486.87
13823,7,3403.45,486.21
17931,14,3402.24,243.02
15114,12,3400.12,283.34
16271,10,3397.82,339.78
13425,5,3390.43,678.09
15058,16,3387.58,211.72
15356,13,3382.69,260.21
13979,7,3379.93,482.85
17723,7,3378.4,482.63
15916,13,3377.69,259.82
13135,2,3371.45,1685.72
12838,10,3366.7,336.67
13707,5,3365.86,673.17
13285,6,3364.59,560.76
15538,6,3358.4,559.73
13786,6,3358.39,559.73
14608,11,3352.94,304.81
13246,11,3351.75,304.7
16818,11,3349.57,304.51
17183,6,3347.31,557.88
15265,4,3345.64,836.41
12424,4,3340.03,835.01
13848,8,3335.0,416.88
14344,20,3333.7,166.69
16351,13,3330.03,256.16
15065,5,3326.86,665.37
12865,4,3323.47,830.87
13431,8,3316.24,414.53
13824,12,3314.76,276.23
13131,7,3313.77,473.4
16365,15,3307.2,220.48
13611,10,3297.93,329.79
13031,5,3292.84,658.57
17768,7,3292.73,470.39
13650,10,3288.0,328.8
15632,8,3285.31,410.66
14285,8,3284.42,410.55
18188,6,3280.59,546.76
14161,7,3280.08,468.58
15978,3,3279.42,1093.14
17774,9,3273.83,363.76
13291,11,3270.79,297.34
16067,3,3269.11,1089.7
14293,9,3267.93,363.1
13214,7,3264.23,466.32
14064,15,3260.24,217.35
14451,12,3258.68,271.56
15057,5,3255.96,651.19
12770,2,3246.45,1623.22
16612,9,3245.43,360.6
15140,8,3243.69,405.46
17353,4,3242.0,810.5
15625,9,3236.4,359.6
15602,16,3230.51,201.91
16101,4,3229.16,807.29
14506,7,3217.25,459.61
14669,7,3216.78,459.54
14507,11,3216.74,292.43
12951,15,3213.72,214.25
16918,16,3206.54,200.41
16107,7,3204.16,457.74
17147,9,3199.95,355.55
14315,8,3197.82,399.73
15027,10,3195.6,319.56
13868,2,3192.54,1596.27
13397,10,3191.87,319.19
12456,3,3181.04,1060.35
16515,10,3179.06,317.91
17228,13,3175.98,244.31
17621,6,3175.12,529.19
13268,11,3174.75,288.61
16059,12,3171.82,264.32
16837,11,3170.98,288.27
17640,6,3168.94,528.16
16041,3,3166.4,1055.47
13804,9,3161.12,351.24
12976,8,3156.38,394.55
16584,5,3156.17,631.23
14748,10,3152.32,315.23
14306,6,3151.4,525.23
15614,4,3147.36,786.84
17702,6,3144.04,524.01
15095,10,3141.64,314.16
14897,8,3140.54,392.57
17354,4,3133.96,783.49
15596,9,3130.04,347.78
14963,12,3123.57,260.3
15199,10,3122.4,312.24
17145,4,3120.91,780.23
13685,7,3119.44,445.63
13052,7,3119.33,445.62
13692,5,3114.4,622.88
14978,10,3112.19,311.22
16678,12,3109.99,259.17
13742,12,3107.87,258.99
15353,7,3106.12,443.73
12909,8,3103.19,387.9
13538,12,3103.13,258.59
15031,14,3102.94,221.64
15491,6,3100.09,516.68
13772,8,3100.02,387.5
16933,9,3099.3,344.37
13464,6,3097.64,516.27
12937,9,3097.61,344.18
15105,9,3094.91,343.88
17530,12,3092.33,257.69
14312,11,3090.29,280.94
17552,12,3085.29,257.11
17929,12,3082.1,256.84
17090,13,3080.18,236.94
17870,13,3079.69,236.9
14044,10,3077.7,307.77
14700,5,3076.06,615.21
12469,2,3070.54,1535.27
13631,11,3070.42,279.13
14038,5,3069.88,613.98
13196,7,3068.84,438.41
16400,9,3059.85,339.98
13077,11,3054.37,277.67
16007,7,3053.06,436.15
16775,16,3052.74,190.8
15241,11,3050.16,277.29
16560,8,3048.38,381.05
14916,8,3042.95,380.37
12849,6,3042.47,507.08
13647,8,3041.68,380.21
15754,9,3037.61,337.51
13557,13,3032.26,233.25
17884,20,3020.99,151.05
13485,11,3019.22,274.47
14456,9,3017.28,335.25
15716,11,3014.66,274.06
13963,17,3011.87,177.17
12754,3,3010.74,1003.58
14621,9,3000.57,333.4
13635,4,2999.16,749.79
15810,8,2999.04,374.88
15182,11,2998.95,272.63
15611,26,2997.28,115.28
12457,8,2995.91,374.49
17961,100,2994.29,29.94
14590,20,2993.37,149.67
15687,9,2993.1,332.57
15681,14,2989.7,213.55
12374,4,2989.22,747.3
18241,21,2986.99,142.24
14226,6,2985.13,497.52
17032,8,2984.32,373.04
16012,5,2978.59,595.72
17692,12,2975.8,247.98
12854,7,2970.97,424.42
16120,6,2967.51,494.59
15967,12,2966.0,247.17
15329,11,2958.83,268.98
16416,9,2957.88,328.65
13012,11,2957.83,268.89
13110,12,2957.47,246.46
16736,5,2956.56,591.31
12826,12,2955.75,246.31
14867,16,2952.06,184.5
13253,4,2951.11,737.78
12877,20,2942.14,147.11
15757,6,2940.36,490.06
17444,3,2940.04,980.01
17588,7,2939.55,419.94
14544,3,2938.53,979.51
15235,16,2937.81,183.61
12635,4,2930.41,732.6
15312,12,2930.19,244.18
15965,13,2928.13,225.24
13890,14,2927.38,209.1
12906,5,2919.81,583.96
16358,5,2919.65,583.93
13764,6,2919.62,486.6
15392,7,2911.62,415.95
13784,14,2910.23,207.87
14524,13,2909.86,223.84
12438,2,2906.85,1453.42
13455,6,2905.93,484.32
14233,7,2904.27,414.9
16383,7,2896.69,413.81
17320,6,2895.77,482.63
15100,7,2894.7,413.53
17242,5,2889.28,577.86
13501,3,2885.11,961.7
16633,6,2883.1,480.52
14251,5,2879.7,575.94
12806,4,2878.96,719.74
18170,9,2878.0,319.78
14005,5,2874.72,574.94
15043,6,2870.32,478.39
16467,7,2869.16,409.88
16711,9,2868.48,318.72
16229,6,2867.86,477.98
15862,13,2866.52,220.5
16086,10,2864.99,286.5
14758,7,2864.97,409.28
16755,7,2864.68,409.24
16062,8,2863.45,357.93
12685,6,2863.08,477.18
14875,3,2862.4,954.13
16979,9,2859.74,317.75
15563,7,2859.46,408.49
16225,15,2859.31,190.62
13728,16,2855.17,178.45
14404,13,2853.36,219.49
12352,10,2849.84,284.98
14935,2,2849.83,1424.91
16163,6,2849.58,474.93
12676,11,2843.09,258.46
16554,8,2841.72,355.21
14711,11,2839.62,258.15
14842,4,2824.69,706.17
15797,6,2821.08,470.18
13477,11,2819.17,256.29
13032,9,2815.96,312.88
15660,15,2812.99,187.53
17386,7,2812.77,401.82
16871,6,2812.34,468.72
16817,13,2804.9,215.76
17470,11,2804.87,254.99
13799,9,2803.57,311.51
16742,14,2799.87,199.99
13330,6,2796.1,466.02
14903,5,2795.33,559.07
14035,9,2794.75,310.53
12863,6,2792.55,465.43
16764,13,2790.95,214.69
17284,8,2788.06,348.51
15073,8,2788.02,348.5
13719,11,2783.08,253.01
14121,4,2780.15,695.04
17790,20,2779.41,138.97
14869,6,2778.14,463.02
15993,7,2777.67,396.81
16104,9,2774.46,308.27
17031,6,2773.85,462.31
13695,16,2770.73,173.17
17720,10,2768.91,276.89
18210,7,2768.83,395.55
14696,8,2767.9,345.99
15817,3,2766.4,922.13
13813,8,2765.47,345.68
16407,14,2761.65,197.26
17115,7,2761.49,394.5
17368,14,2758.29,197.02
17262,11,2757.62,250.69
16335,7,2753.52,393.36
13736,7,2752.47,393.21
17490,9,2750.5,305.61
14665,7,2749.65,392.81
17676,10,2749.34,274.93
12982,8,2744.81,343.1
12669,3,2744.03,914.68
15841,9,2742.41,304.71
17241,12,2736.64,228.05
15389,5,2733.8,546.76
15111,5,2730.87,546.17
12986,10,2729.84,272.98
12739,4,2726.73,681.68
12391,6,2724.84,454.14
17591,8,2723.62,340.45
16190,8,2723.55,340.44
14125,3,2720.63,906.88
14808,8,2718.6,339.82
15985,7,2715.28,387.9
16232,7,2712.97,387.57
15021,12,2698.68,224.89
16359,16,2697.75,168.61
18173,5,2696.36,539.27
12725,4,2694.56,673.64
12820,11,2689.52,244.5
17388,11,2675.37,243.22
16434,12,2673.69,222.81
14496,7,2668.23,381.18
18283,22,2664.9,121.13
15910,15,2661.17,177.41
13473,8,2657.76,332.22
15671,7,2657.13,379.59
16369,7,2656.56,379.51
15157,5,2654.11,530.82
14756,3,2653.76,884.59
17744,7,2649.14,378.45
12516,4,2648.62,662.15
13203,10,2648.25,264.82
16618,5,2647.59,529.52
13117,18,2643.81,146.88
13819,6,2642.35,440.39
15814,6,2634.44,439.07
12520,5,2634.26,526.85
14410,11,2631.9,239.26
16276,3,2629.39,876.46
13644,4,2624.26,656.07
12423,10,2622.39,262.24
15142,6,2619.92,436.65
13211,10,2618.77,261.88
14262,8,2618.23,327.28
14195,6,2615.6,435.93
14431,4,2614.2,653.55
14397,19,2612.96,137.52
14564,2,2605.62,1302.81
17317,3,2600.34,866.78
15826,4,2598.28,649.57
13700,13,2596.97,199.77
12412,6,2596.93,432.82
14163,5,2594.62,518.92
14229,7,2594.04,370.58
17043,8,2593.65,324.21
14129,9,2591.34,287.93
14147,9,2590.2,287.8
16206,13,2589.87,199.22
15062,8,2585.62,323.2
12592,5,2582.66,516.53
16244,2,2579.38,1289.69
16499,8,2578.34,322.29
17095,7,2572.25,367.46
17002,7,2571.55,367.36
13652,5,2570.85,514.17
15434,11,2567.06,233.37
13173,11,2565.76,233.25
14573,13,2565.12,197.32
13192,6,2558.58,426.43
15033,10,2557.18,255.72
16036,4,2556.84,639.21
13862,9,2556.09,284.01
17787,4,2553.82,638.46
16115,12,2553.8,212.82
14745,12,2551.41,212.62
18179,8,2547.55,318.44
17465,7,2542.79,363.26
14548,9,2541.29,282.37
15426,9,2538.92,282.1
17463,7,2535.26,362.18
13623,10,2533.06,253.31
14810,13,2531.92,194.76
15906,10,2530.19,253.02
14659,9,2529.93,281.1
16889,6,2526.65,421.11
14790,10,2526.62,252.66
16987,11,2521.4,229.22
13344,3,2511.69,837.23
17897,9,2510.56,278.95
17101,7,2507.05,358.15
17550,9,2506.64,278.52
12978,5,2502.82,500.56
16202,9,2501.99,278.0
13471,4,2501.84,625.46
15747,9,2499.81,277.76
17594,4,2497.88,624.47
15932,8,2495.87,311.98
13414,6,2494.14,415.69
14541,14,2491.38,177.96
15227,9,2488.49,276.5
15117,8,2485.97,310.75
12517,5,2481.6,496.32
13507,4,2479.16,619.79
13588,9,2478.95,275.44
16795,3,2477.29,825.76
13134,6,2475.23,412.54
16520,6,2474.14,412.36
13762,5,2472.48,494.5
17732,8,2470.39,308.8
12924,12,2469.4,205.78
14421,6,2469.37,411.56
17288,11,2468.43,224.4
17164,7,2467.35,352.48
15221,4,2465.45,616.36
13151,3,2465.21,821.74
15860,17,2463.96,144.94
17131,5,2463.17,492.63
14256,5,2460.79,492.16
17629,10,2455.52,245.55
16016,11,2446.42,222.4
12701,6,2446.41,407.73
13338,4,2445.62,611.4
17348,9,2442.29,271.37
14449,8,2441.2,305.15
18171,9,2437.31,270.81
15623,8,2437.05,304.63
17505,5,2435.48,487.1
13085,8,2433.28,304.16
13094,13,2433.12,187.16
16638,15,2430.53,162.04
14502,11,2429.83,220.89
15077,2,2428.08,1214.04
13949,6,2427.32,404.55
12733,4,2424.87,606.22
15658,8,2423.47,302.93
15215,7,2422.43,346.06
15089,6,2420.84,403.47
15489,8,2419.61,302.45
16040,7,2416.9,345.27
13878,4,2416.9,604.23
16470,11,2416.85,219.71
12802,7,2416.42,345.2
13118,9,2415.41,268.38
14205,9,2414.2,268.24
17894,18,2411.35,133.96
12397,2,2409.9,1204.95
16833,6,2409.04,401.51
17671,5,2403.34,480.67
15341,2,2402.72,1201.36
15793,8,2399.57,299.95
12393,6,2399.45,399.91
14414,8,2399.33,299.92
16147,5,2398.91,479.78
17921,10,2394.36,239.44
16812,4,2392.0,598.0
15366,7,2389.08,341.3
14443,5,2386.47,477.29
16105,5,2386.19,477.24
17905,13,2379.37,183.03
17827,6,2376.17,396.03
16883,19,2374.09,124.95
17434,7,2373.82,339.12
13908,4,2369.55,592.39
17623,7,2365.77,337.97
16005,10,2365.49,236.55
14295,5,2362.91,472.58
16676,6,2361.9,393.65
16065,8,2359.27,294.91
17634,9,2358.59,262.07
15015,13,2354.97,181.15
17969,20,2354.29,117.71
16083,4,2351.42,587.86
16085,12,2341.03,195.09
12704,8,2340.84,292.61
12584,9,2338.15,259.79
15549,8,2334.16,291.77
13614,6,2332.74,388.79
16496,6,2330.77,388.46
17004,4,2324.36,581.09
14938,2,2322.43,1161.21
13091,3,2321.82,773.94
13055,4,2321.11,580.28
16628,7,2318.1,331.16
12724,7,2317.52,331.07
12948,9,2317.43,257.49
14346,5,2315.75,463.15
17193,9,2310.04,256.67
17282,5,2308.54,461.71
13704,9,2308.06,256.45
17113,6,2305.59,384.27
15946,3,2304.18,768.06
14555,6,2304.03,384.01
18095,5,2303.09,460.62
16531,11,2298.33,208.94
17324,12,2298.12,191.51
13371,2,2297.66,1148.83
12599,13,2296.72,176.67
12649,8,2294.65,286.83
13280,7,2293.33,327.62
13059,10,2291.77,229.18
17047,6,2289.23,381.54
17018,6,2287.7,381.28
16485,5,2287.19,457.44
14481,5,2284.69,456.94
12684,7,2283.63,326.23
18051,7,2282.28,326.04
14901,12,2281.4,190.12
13655,6,2280.51,380.09
14554,4,2279.49,569.87
13994,6,2274.14,379.02
17994,11,2270.03,206.37
13748,9,2268.35,252.04
15638,6,2265.2,377.53
15734,4,2263.3,565.83
13814,3,2257.32,752.44
16350,9,2253.89,250.43
17414,6,2249.52,374.92
14432,6,2248.5,374.75
14644,7,2247.72,321.1
16177,8,2247.31,280.91
12868,8,2247.06,280.88
16174,7,2246.75,320.96
13627,7,2245.9,320.84
16042,8,2245.32,280.66
13407,3,2244.7,748.23
16823,7,2243.09,320.44
14462,12,2242.81,186.9
15865,5,2241.42,448.28
15629,4,2240.9,560.23
16551,7,2237.12,319.59
17180,11,2236.77,203.34
17075,10,2236.63,223.66
16108,4,2235.92,558.98
16076,10,2234.73,223.47
13662,11,2233.61,203.06
18215,5,2232.49,446.5
17460,16,2228.27,139.27
12783,6,2225.91,370.98
13365,2,2225.37,1112.68
14321,7,2218.06,316.87
17648,5,2216.37,443.27
18177,9,2216.32,246.26
13478,5,2215.78,443.16
14708,5,2212.28,442.46
13320,6,2211.6,368.6
15550,12,2211.05,184.25
15476,4,2209.98,552.5
14177,13,2209.69,169.98
14834,7,2206.16,315.17
14467,12,2203.24,183.6
13410,9,2201.96,244.66
14006,7,2196.67,313.81
16317,5,2192.51,438.5
15934,2,2190.66,1095.33
14212,2,2190.14,1095.07
16221,9,2186.66,242.96
14597,6,2184.63,364.11
15864,7,2180.76,311.54
12856,6,2170.78,361.8
15649,4,2170.35,542.59
14595,8,2164.45,270.56
15944,4,2164.24,541.06
17822,5,2162.93,432.59
14407,6,2157.73,359.62
16379,4,2157.4,539.35
13643,10,2156.77,215.68
13224,2,2155.95,1077.97
16966,7,2154.97,307.85
16600,13,2153.41,165.65
16275,3,2151.11,717.04
18239,6,2150.36,358.39
14216,5,2150.04,430.01
16716,3,2149.68,716.56
17272,4,2148.63,537.16
16004,5,2146.39,429.28
13152,7,2146.38,306.63
16134,5,2145.34,429.07
18009,8,2144.23,268.03
12576,8,2142.72,267.84
13092,12,2140.28,178.36
12687,2,2138.91,1069.45
17029,7,2137.3,305.33
18116,13,2134.49,164.19
12560,3,2134.01,711.34
16493,7,2132.09,304.58
13517,3,2128.42,709.47
14634,4,2124.46,531.12
16807,6,2123.88,353.98
16996,9,2123.61,235.96
14472,9,2118.72,235.41
14360,4,2118.03,529.51
14691,5,2114.33,422.87
16201,5,2112.12,422.42
16054,4,2111.88,527.97
12997,8,2110.91,263.86
14399,8,2108.21,263.53
13755,9,2108.06,234.23
13610,14,2103.71,150.27
15252,5,2103.41,420.68
14276,7,2102.68,300.38
14499,7,2101.79,300.26
15815,5,2100.6,420.12
12975,6,2100.09,350.02
17159,5,2099.59,419.92
12610,5,2099.54,419.91
17742,11,2098.48,190.77
13753,4,2094.57,523.64
13591,7,2093.94,299.13
14469,4,2093.46,523.37
13265,5,2092.66,418.53
15456,10,2091.52,209.15
15151,2,2085.61,1042.81
17705,11,2083.9,189.45
14896,8,2083.22,260.4
16934,6,2083.14,347.19
14396,7,2079.73,297.1
18026,2,2074.07,1037.04
17048,7,2071.68,295.95
17585,7,2064.71,294.96
16726,7,2063.88,294.84
12586,4,2062.67,515.67
13476,5,2061.47,412.29
18258,6,2059.67,343.28
17633,7,2057.39,293.91
12518,5,2056.89,411.38
15253,8,2055.09,256.89
14188,6,2054.36,342.39
16235,9,2053.71,228.19
16794,15,2052.7,136.85
16176,4,2052.69,513.17
14723,11,2050.25,186.39
17086,6,2050.08,341.68
13874,7,2049.15,292.74
13984,12,2048.6,170.72
16027,15,2048.36,136.56
14232,5,2048.07,409.61
17666,5,2047.8,409.56
13663,5,2047.51,409.5
14000,5,2046.34,409.27
15473,8,2046.0,255.75
17289,9,2041.8,226.87
12585,2,2040.1,1020.05
14988,7,2038.65,291.24
16214,4,2038.25,509.56
16331,6,2037.7,339.62
13705,7,2035.33,290.76
13630,7,2031.78,290.25
14225,4,2031.07,507.77
15272,6,2030.95,338.49
15506,6,2030.33,338.39
15164,9,2028.11,225.35
15384,4,2027.79,506.95
12873,3,2027.3,675.77
13989,5,2026.06,405.21
14631,6,2025.69,337.62
16510,6,2025.6,337.6
14651,9,2025.52,225.06
12418,4,2021.2,505.3
17227,12,2021.18,168.43
13696,3,2020.4,673.47
12348,5,2019.4,403.88
14623,10,2016.98,201.7
16197,9,2016.71,224.08
17152,4,2016.5,504.13
17126,9,2016.43,224.05
13693,9,2011.82,223.54
13888,7,2001.59,285.94
16332,11,2000.01,181.82
16698,2,1998.0,999.0
14628,5,1998.0,399.6
15990,7,1997.75,285.39
14152,7,1997.34,285.33
14301,4,1992.18,498.04
13889,6,1991.23,331.87
17088,4,1991.01,497.75
16960,8,1990.88,248.86
17351,12,1988.23,165.69
16529,4,1986.8,496.7
15478,3,1983.48,661.16
14967,6,1982.61,330.44
15192,5,1981.39,396.28
17337,4,1981.06,495.26
13725,8,1980.56,247.57
12582,4,1980.4,495.1
17158,5,1980.0,396.0
15030,8,1979.91,247.49
15795,8,1979.87,247.48
13208,9,1976.3,219.59
18204,3,1975.35,658.45
15531,2,1972.39,986.19
17797,8,1971.87,246.48
14905,8,1971.39,246.42
12674,4,1970.6,492.65
14477,7,1969.6,281.37
16032,6,1965.72,327.62
15081,12,1965.72,163.81
16233,9,1965.71,218.41
17966,10,1963.92,196.39
17997,8,1962.46,245.31
12399,7,1962.3,280.33
15789,6,1962.01,327.0
16290,4,1957.7,489.43
18016,7,1954.56,279.22
14794,10,1953.9,195.39
17554,5,1952.45,390.49
13761,6,1952.17,325.36
15885,15,1951.82,130.12
16993,2,1950.95,975.48
14014,3,1948.21,649.4
16891,11,1945.2,176.84
15620,4,1942.36,485.59
15425,4,1941.12,485.28
16619,4,1938.33,484.58
17135,10,1937.76,193.78
14418,3,1937.25,645.75
15605,9,1936.8,215.2
15561,8,1934.39,241.8
12528,6,1933.48,322.25
12531,2,1933.2,966.6
16859,7,1932.41,276.06
15803,4,1929.66,482.41
17236,12,1929.26,160.77
16788,5,1928.93,385.79
13029,5,1927.3,385.46
14492,7,1921.91,274.56
16681,7,1921.84,274.55
18220,6,1921.76,320.29
13838,10,1920.73,192.07
12644,4,1918.49,479.62
12842,4,1917.99,479.5
14332,5,1917.41,383.48
16650,7,1916.11,273.73
16555,6,1915.68,319.28
16692,4,1914.7,478.68
16770,9,1909.73,212.19
12947,6,1908.03,318.0
17046,5,1906.07,381.21
16942,9,1904.99,211.67
17235,8,1904.88,238.11
14250,3,1904.05,634.68
14127,6,1900.08,316.68
14710,13,1899.79,146.14
12762,2,1898.52,949.26
14389,5,1898.01,379.6
14741,7,1897.59,271.08
14730,8,1897.57,237.2
17560,8,1895.8,236.97
14327,6,1894.93,315.82
15248,3,1893.93,631.31
17350,7,1893.7,270.53
16631,7,1892.52,270.36
13276,5,1891.91,378.38
15381,5,1890.57,378.11
14912,6,1889.25,314.88
17609,11,1887.9,171.63
16172,8,1884.55,235.57
14403,6,1880.51,313.42
16660,7,1879.55,268.51
18151,6,1879.44,313.24
15197,6,1877.51,312.92
13946,6,1876.23,312.7
12494,9,1872.87,208.1
16426,10,1863.76,186.38
13503,6,1859.24,309.87
14305,3,1858.96,619.65
14130,4,1858.77,464.69
16043,8,1856.59,232.07
16049,6,1852.15,308.69
16917,2,1851.88,925.94
12383,5,1850.56,370.11
12381,5,1845.31,369.06
12507,4,1844.06,461.01
18180,6,1843.75,307.29
12694,3,1843.35,614.45
12950,3,1843.0,614.33
15201,7,1842.95,263.28
16102,3,1842.14,614.05
14224,9,1841.71,204.63
13168,5,1840.73,368.15
17919,2,1840.32,920.16
15822,6,1840.06,306.68
14870,6,1838.95,306.49
13924,6,1838.85,306.47
17015,3,1838.61,612.87
16175,7,1836.44,262.35
15402,6,1830.54,305.09
16825,5,1826.89,365.38
17244,5,1826.04,365.21
15678,3,1825.94,608.65
14715,8,1825.45,228.18
13884,10,1825.03,182.5
17642,5,1824.49,364.9
16169,4,1822.97,455.74
14738,9,1821.9,202.43
15339,7,1821.02,260.15
17259,6,1820.34,303.39
16205,7,1820.11,260.02
17828,4,1820.09,455.02
14553,9,1818.6,202.07
15807,5,1817.52,363.5
16634,6,1814.61,302.44
16880,8,1813.21,226.65
14915,11,1811.25,164.66
16474,7,1810.65,258.66
16725,14,1810.41,129.31
14893,3,1809.61,603.2
15530,5,1808.68,361.74
17888,25,1807.44,72.3
15133,5,1806.9,361.38
13561,11,1803.4,163.95
18161,6,1803.1,300.52
16797,5,1802.02,360.4
16249,5,1800.07,360.01
18235,3,1796.48,598.83
18236,12,1795.35,149.61
17165,6,1794.32,299.05
18122,6,1793.06,298.84
13711,9,1792.26,199.14
13375,2,1792.23,896.12
12369,3,1791.15,597.05
17603,4,1788.38,447.1
13782,13,1786.08,137.39
15608,5,1785.98,357.2
16611,6,1785.13,297.52
15452,6,1785.11,297.52
15128,5,1783.68,356.74
16110,4,1781.59,445.4
18214,4,1780.34,445.08
15220,6,1778.96,296.49
12458,4,1777.49,444.37
12908,5,1776.0,355.2
12778,9,1775.68,197.3
13920,4,1774.68,443.67
16124,4,1772.49,443.12
15594,5,1771.78,354.36
14850,7,1770.96,252.99
14933,4,1770.0,442.5
15972,5,1769.33,353.87
15736,2,1767.12,883.56
13456,6,1766.72,294.45
13648,8,1764.02,220.5
13717,8,1763.3,220.41
12784,3,1763.15,587.72
15777,7,1762.61,251.8
16511,6,1760.49,293.42
16620,6,1758.93,293.16
16266,14,1757.95,125.57
16595,5,1757.75,351.55
12809,3,1755.94,585.31
14704,11,1752.92,159.36
13155,6,1750.18,291.7
14522,8,1748.42,218.55
16639,4,1747.98,437.0
13808,5,1747.66,349.53
17695,5,1746.04,349.21
14236,5,1744.64,348.93
16348,8,1744.42,218.05
12425,2,1741.41,870.71
16087,5,1739.92,347.98
17974,6,1739.09,289.85
13531,6,1738.52,289.75
14584,8,1738.16,217.27
14075,6,1734.87,289.14
17268,11,1733.89,157.63
13026,9,1733.08,192.56
14400,3,1732.47,577.49
17432,9,1728.99,192.11
14387,3,1727.6,575.87
16809,9,1727.43,191.94
15730,5,1726.58,345.32
17190,7,1726.57,246.65
14304,3,1725.01,575.0
13363,3,1723.86,574.62
16374,5,1723.4,344.68
17451,7,1721.4,245.91
16119,8,1720.81,215.1
15267,5,1717.36,343.47
14021,7,1716.58,245.23
17162,10,1715.46,171.55
14692,12,1715.14,142.93
14987,8,1713.85,214.23
14447,6,1711.73,285.29
13665,3,1711.66,570.55
16654,8,1711.47,213.93
17750,9,1710.45,190.05
13104,9,1709.1,189.9
17731,6,1708.99,284.83
15607,9,1708.97,189.89
12407,5,1708.12,341.62
13309,6,1706.37,284.39
16398,2,1705.8,852.9
14859,5,1705.64,341.13
12693,7,1703.02,243.29
15326,5,1700.52,340.1
15911,8,1700.24,212.53
13240,8,1699.86,212.48
15889,8,1699.67,212.46
16768,9,1698.57,188.73
12932,8,1698.56,212.32
17813,5,1698.07,339.61
17694,3,1695.97,565.32
16899,8,1695.77,211.97
16010,11,1694.86,154.08
15976,6,1694.41,282.4
14245,2,1693.45,846.73
14829,7,1692.84,241.83
16671,3,1692.27,564.09
14078,9,1689.71,187.75
13294,3,1689.53,563.18
17341,5,1688.82,337.76
13566,5,1688.6,337.72
12813,3,1687.8,562.6
12775,7,1686.12,240.87
13516,4,1685.26,421.31
15732,10,1682.07,168.21
14643,5,1679.89,335.98
15551,7,1679.81,239.97
13800,3,1679.56,559.85
12870,3,1676.95,558.98
14831,3,1676.57,558.86
13149,4,1676.06,419.01
17656,5,1674.69,334.94
13587,4,1673.5,418.38
13308,4,1670.37,417.59
13417,6,1669.49,278.25
13184,10,1668.95,166.9
17534,5,1668.83,333.77
13434,5,1666.86,333.37
13064,6,1666.84,277.81
17321,6,1665.21,277.54
16329,4,1664.92,416.23
12912,5,1662.3,332.46
15214,8,1661.44,207.68
14583,8,1660.29,207.54
18096,6,1657.87,276.31
18276,6,1656.52,276.09
17041,6,1655.2,275.87
16625,5,1654.03,330.81
16813,10,1652.18,165.22
13649,6,1651.48,275.25
16907,9,1650.81,183.42
15996,7,1649.65,235.66
15987,8,1649.47,206.18
18085,4,1645.75,411.44
12657,4,1643.18,410.79
13506,5,1639.2,327.84
14420,4,1639.17,409.79
12933,8,1636.63,204.58
17951,4,1636.08,409.02
17006,8,1635.27,204.41
18062,6,1632.67,272.11
14164,2,1631.77,815.88
18136,5,1631.36,326.27
17571,5,1630.91,326.18
14904,4,1630.49,407.62
16256,3,1629.37,543.12
13554,7,1629.35,232.76
15167,5,1627.62,325.52
14759,3,1625.97,541.99
13154,3,1624.84,541.61
15172,5,1624.05,324.81
14937,3,1621.88,540.63
12379,4,1620.22,405.06
15422,7,1619.97,231.42
12577,8,1617.1,202.14
16224,5,1616.54,323.31
14336,4,1614.91,403.73
15013,10,1610.82,161.08
16860,3,1610.62,536.87
13900,6,1610.59,268.43
17814,2,1609.37,804.68
12847,2,1609.0,804.5
13249,9,1608.93,178.77
14920,3,1607.17,535.72
17515,9,1602.51,178.06
15325,8,1601.46,200.18
14178,7,1600.26,228.61
14885,3,1598.12,532.71
12514,2,1597.76,798.88
17853,3,1596.29,532.1
15134,10,1596.29,159.63
13239,5,1594.69,318.94
16801,4,1594.23,398.56
17028,3,1593.83,531.28
15289,5,1593.09,318.62
17540,6,1590.6,265.1
16092,6,1587.94,264.66
17345,10,1586.63,158.66
13156,3,1586.54,528.85
16096,4,1584.97,396.24
13740,5,1582.77,316.55
17867,15,1582.05,105.47
14719,5,1581.84,316.37
15279,5,1580.54,316.11
13202,7,1580.3,225.76
14587,9,1580.29,175.59
13752,7,1579.83,225.69
17222,6,1579.51,263.25
17649,3,1578.89,526.3
13186,3,1575.89,525.3
12549,6,1575.68,262.61
14489,4,1574.93,393.73
16099,7,1573.2,224.74
17886,6,1572.55,262.09
14136,5,1570.81,314.16
14198,9,1569.73,174.41
13539,7,1569.36,224.19
17624,4,1568.63,392.16
16774,8,1567.48,195.94
13939,7,1560.96,222.99
15466,4,1560.46,390.12
12629,2,1558.22,779.11
16140,3,1557.6,519.2
16394,5,1555.34,311.07
15149,5,1554.61,310.92
18149,7,1553.96,221.99
13360,4,1553.65,388.41
15074,3,1553.13,517.71
13377,2,1552.88,776.44
17851,6,1552.35,258.72
17323,12,1551.04,129.25
14186,5,1550.63,310.13
16366,4,1548.13,387.03
17454,10,1547.94,154.79
14754,6,1547.93,257.99
16461,3,1545.83,515.28
16790,6,1545.62,257.6
16017,5,1545.58,309.12
18036,11,1545.49,140.5
16915,11,1543.18,140.29
13783,4,1542.09,385.52
17837,8,1541.23,192.65
13310,5,1541.2,308.24
13579,5,1539.04,307.81
16835,6,1538.41,256.4
15798,3,1535.37,511.79
13402,4,1535.13,383.78
14695,3,1534.22,511.41
18252,7,1533.69,219.1
16491,2,1533.16,766.58
14567,2,1530.36,765.18
15701,4,1529.0,382.25
17990,6,1527.61,254.6
12926,4,1523.97,380.99
15587,7,1522.08,217.44
16066,5,1521.04,304.21
14055,3,1520.96,506.99
14264,6,1517.36,252.89
14068,4,1516.72,379.18
14267,3,1516.24,505.41
13791,2,1516.0,758.0
14220,4,1515.0,378.75
14682,6,1514.81,252.47
17764,5,1513.57,302.71
17610,5,1511.94,302.39
17977,2,1511.45,755.72
17025,5,1510.64,302.13
16037,5,1509.34,301.87
15948,3,1509.09,503.03
18074,2,1509.04,754.52
16910,8,1508.96,188.62
13158,5,1508.18,301.64
15261,4,1508.0,377.0
17179,6,1507.26,251.21
18022,5,1507.25,301.45
15110,6,1505.85,250.97
16450,3,1505.73,501.91
14802,2,1502.98,751.49
13810,3,1499.01,499.67
16714,4,1497.33,374.33
15590,5,1496.6,299.32
16340,3,1496.24,498.75
15882,8,1495.98,187.0
15173,7,1494.6,213.51
14894,3,1492.81,497.6
16239,6,1492.2,248.7
16314,3,1491.4,497.13
18268,6,1490.23,248.37
13042,3,1488.59,496.2
17290,8,1487.96,186.0
14609,10,1486.2,148.62
15630,3,1481.4,493.8
15101,6,1477.94,246.32
14246,3,1474.06,491.35
17590,3,1468.02,489.34
13138,7,1467.24,209.61
13500,4,1466.3,366.57
16419,8,1463.7,182.96
12882,2,1463.04,731.52
16586,3,1462.78,487.59
17978,4,1460.91,365.23
18196,4,1457.19,364.3
15071,4,1455.56,363.89
16569,5,1455.23,291.05
12970,10,1453.6,145.36
13165,3,1451.16,483.72
13361,2,1450.5,725.25
15574,6,1450.48,241.75
14657,6,1450.19,241.7
16121,5,1450.04,290.01
15876,2,1449.14,724.57
13023,3,1449.03,483.01
15076,3,1447.74,482.58
17582,5,1446.95,289.39
17073,4,1446.09,361.52
13583,2,1445.03,722.52
15636,4,1444.58,361.14
17175,4,1443.69,360.92
17734,6,1442.32,240.39
18106,6,1441.06,240.18
18066,3,1440.4,480.13
13543,2,1439.61,719.81
14071,8,1437.57,179.7
16088,2,1437.43,718.71
13278,4,1435.85,358.96
12805,4,1434.95,358.74
12389,3,1433.33,477.78
17941,4,1433.28,358.32
13475,4,1431.78,357.94
15427,3,1430.54,476.85
15468,3,1430.48,476.83
14684,6,1430.03,238.34
17950,7,1429.46,204.21
13159,4,1429.35,357.34
18071,6,1428.63,238.11
14412,3,1426.19,475.4
17411,5,1425.38,285.08
18221,6,1424.94,237.49
13145,7,1423.52,203.36
16980,3,1422.83,474.28
17438,5,1422.77,284.55
15106,5,1422.52,284.5
16463,4,1422.4,355.6
14019,3,1421.61,473.87
15799,4,1421.34,355.34
14775,3,1418.46,472.82
16173,6,1418.32,236.39
17856,4,1418.03,354.51
15223,5,1417.95,283.59
16245,3,1413.66,471.22
17496,4,1412.89,353.22
15237,4,1412.32,353.08
16848,4,1411.62,352.91
15444,2,1411.21,705.61
16906,7,1410.92,201.56
17714,5,1410.18,282.04
17545,6,1409.86,234.98
16854,2,1408.96,704.48
13049,4,1408.24,352.06
12695,7,1407.12,201.02
15652,5,1405.94,281.19
14909,3,1404.68,468.23
12765,6,1404.58,234.1
18189,3,1403.73,467.91
15186,5,1403.2,280.64
13259,9,1402.54,155.84
14687,3,1402.06,467.35
16926,5,1399.86,279.97
18202,3,1396.99,465.66
16129,3,1396.05,465.35
14487,7,1391.37,198.77
15322,2,1390.86,695.43
15141,7,1388.47,198.35
12952,4,1387.79,346.95
13382,5,1387.58,277.52
16167,5,1386.12,277.22
18167,3,1384.86,461.62
14116,5,1382.74,276.55
16389,4,1382.07,345.52
14861,10,1380.73,138.07
15751,11,1380.44,125.49
13821,6,1379.08,229.85
17878,3,1378.93,459.64
13074,4,1378.74,344.69
12886,2,1378.4,689.2
16727,4,1377.77,344.44
14853,5,1376.87,275.37
14662,7,1376.43,196.63
14083,11,1376.2,125.11
15580,8,1375.39,171.92
17908,5,1374.5,274.9
14265,4,1373.35,343.34
14434,6,1372.8,228.8
15453,7,1371.77,195.97
14538,5,1370.84,274.17
14316,5,1370.34,274.07
12533,2,1367.89,683.94
16300,3,1367.32,455.77
13035,3,1364.2,454.73
14577,7,1364.15,194.88
14114,7,1364.09,194.87
13760,5,1363.64,272.73
15347,4,1363.6,340.9
16588,4,1361.28,340.32
13396,2,1360.99,680.5
13919,4,1360.68,340.17
16384,4,1358.95,339.74
17150,6,1357.95,226.33
17429,5,1357.46,271.49
12875,5,1356.99,271.4
17054,5,1356.33,271.27
15116,4,1352.75,338.19
16079,3,1352.0,450.67
17796,7,1351.04,193.01
16367,3,1350.48,450.16
14847,3,1348.95,449.65
15411,4,1348.93,337.23
16669,3,1348.88,449.63
12646,2,1346.97,673.49
14320,5,1346.75,269.35
13639,2,1346.27,673.13
15398,2,1345.53,672.76
12426,2,1345.21,672.61
14550,4,1345.06,336.26
12463,4,1344.78,336.19
15154,3,1343.72,447.91
14618,7,1342.32,191.76
13743,7,1341.6,191.66
17499,2,1341.39,670.69
12620,3,1339.41,446.47
12711,2,1339.05,669.52
12591,3,1338.95,446.32
13803,3,1338.91,446.3
13220,5,1336.09,267.22
12919,6,1335.19,222.53
17033,4,1332.79,333.2
17932,3,1331.57,443.86
16295,4,1328.55,332.14
13232,7,1328.35,189.76
14712,4,1328.07,332.02
15146,2,1327.16,663.58
12960,4,1322.07,330.52
13497,6,1320.33,220.05
14591,4,1320.21,330.05
17097,9,1318.08,146.45
12526,3,1316.66,438.89
14921,2,1316.07,658.03
14511,5,1314.81,262.96
14973,3,1314.45,438.15
16296,4,1313.67,328.42
13282,4,1313.19,328.3
12364,4,1313.1,328.27
16756,7,1312.37,187.48
12639,3,1312.37,437.46
12987,5,1312.21,262.44
17027,9,1310.63,145.63
13855,4,1310.34,327.58
16955,6,1309.41,218.23
12717,3,1308.91,436.3
16377,2,1308.48,654.24
13846,4,1307.79,326.95
16282,3,1307.58,435.86
16894,3,1306.96,435.65
15677,3,1305.63,435.21
14297,4,1305.33,326.33
15813,2,1303.91,651.95
15400,8,1302.3,162.79
16370,4,1301.91,325.48
16574,3,1301.78,433.93
15108,4,1300.25,325.06
14284,3,1299.65,433.22
14480,4,1299.52,324.88
16943,5,1299.49,259.9
14479,4,1299.11,324.78
16464,3,1298.66,432.89
12488,3,1298.66,432.89
12372,3,1298.04,432.68
18286,2,1296.43,648.22
16929,7,1295.39,185.06
13440,7,1295.25,185.04
16212,4,1293.71,323.43
15621,4,1293.03,323.26
16777,5,1292.18,258.44
15471,3,1292.01,430.67
16744,7,1291.91,184.56
17109,8,1291.71,161.46
14619,2,1291.24,645.62
14856,3,1290.53,430.18
16372,5,1290.31,258.06
14679,3,1289.44,429.81
15774,6,1288.34,214.72
15136,4,1286.7,321.68
16608,2,1286.62,643.31
16949,6,1286.27,214.38
13300,3,1285.51,428.5
14821,7,1278.95,182.71
13617,8,1278.75,159.84
17521,5,1278.06,255.61
16951,3,1277.75,425.92
15211,2,1277.48,638.74
14478,4,1276.66,319.16
17034,5,1276.42,255.28
13916,4,1275.81,318.95
17142,4,1275.25,318.81
14820,9,1274.76,141.64
15809,7,1274.44,182.06
14167,8,1274.29,159.29
14490,2,1273.47,636.74
13443,6,1273.16,212.19
17478,2,1272.8,636.4
12394,2,1272.48,636.24
16222,2,1272.05,636.02
12630,2,1270.88,635.44
13492,3,1269.84,423.28
15439,4,1269.05,317.26
15584,6,1268.2,211.37
13892,6,1267.65,211.28
17531,3,1266.82,422.27
13515,6,1265.82,210.97
17635,3,1265.58,421.86
15038,9,1265.41,140.6
14379,4,1265.16,316.29
16842,3,1264.19,421.4
14427,4,1263.52,315.88
17759,5,1261.88,252.38
13065,5,1260.91,252.18
16688,4,1260.86,315.21
14984,6,1260.51,210.09
18035,5,1260.23,252.05
17343,6,1259.94,209.99
12993,8,1259.63,157.45
13689,2,1259.5,629.75
15009,3,1259.43,419.81
15651,5,1259.06,251.81
14474,2,1258.89,629.44
14931,5,1257.68,251.54
12402,6,1256.9,209.48
17481,4,1255.59,313.9
17862,4,1254.89,313.72
14419,7,1254.64,179.23
15064,4,1254.41,313.6
15441,3,1254.21,418.07
15664,4,1254.03,313.51
16292,5,1253.76,250.75
14725,4,1252.74,313.19
15579,5,1250.63,250.13
15599,3,1250.06,416.69
18135,10,1249.62,124.96
14020,4,1249.01,312.25
14383,3,1247.69,415.9
12689,2,1247.61,623.81
14240,3,1247.49,415.83
13860,5,1245.9,249.18
17076,6,1242.75,207.13
17529,2,1240.25,620.13
13863,4,1239.55,309.89
12985,2,1239.38,619.69
14231,4,1235.62,308.9
13201,4,1233.06,308.26
12605,4,1232.95,308.24
16527,2,1232.94,616.47
16159,4,1232.79,308.2
18080,2,1231.5,615.75
16723,4,1231.36,307.84
12673,3,1230.02,410.01
13019,6,1229.95,204.99
14871,9,1228.17,136.46
17342,4,1227.54,306.88
12866,3,1227.35,409.12
15800,7,1227.07,175.3
17456,2,1225.42,612.71
15269,3,1225.36,408.45
15303,3,1224.18,408.06
14428,5,1224.06,244.81
13787,6,1222.5,203.75
16946,5,1222.04,244.41
15376,3,1221.56,407.19
17132,2,1220.91,610.45
14430,3,1220.9,406.97
13243,5,1220.38,244.08
13299,3,1218.7,406.23
13304,4,1217.99,304.5
14698,5,1217.27,243.45
15390,2,1216.66,608.33
14512,7,1215.97,173.71
15661,8,1215.95,151.99
17410,5,1214.72,242.94
17198,3,1213.88,404.63
13405,6,1213.81,202.3
13140,5,1213.18,242.64
18263,3,1213.16,404.39
16872,6,1213.13,202.19
13918,2,1212.84,606.42
16653,2,1212.66,606.33
12464,8,1212.05,151.51
15377,4,1211.75,302.94
14193,3,1210.19,403.4
17653,4,1207.56,301.89
16830,4,1207.5,301.88
18193,3,1207.35,402.45
16762,3,1207.24,402.41
17360,6,1200.51,200.09
14446,5,1200.28,240.06
15181,5,1200.2,240.04
15600,4,1199.31,299.83
17397,3,1198.28,399.43
17713,4,1198.09,299.52
16307,3,1194.92,398.31
15145,4,1194.73,298.68
13723,6,1194.08,199.01
14382,2,1193.63,596.82
14201,10,1193.54,119.35
13293,6,1192.94,198.82
16306,7,1192.82,170.4
13976,4,1192.36,298.09
13882,5,1191.13,238.23
16471,4,1189.98,297.5
12462,2,1189.59,594.8
17239,4,1189.45,297.36
14275,6,1189.38,198.23
18057,3,1188.46,396.15
15573,5,1188.42,237.68
18181,5,1188.34,237.67
15737,8,1188.12,148.51
17800,9,1187.21,131.91
13388,3,1185.65,395.22
18060,2,1185.46,592.73
14206,3,1185.01,395.0
15259,4,1182.38,295.59
17021,6,1182.22,197.04
13526,2,1182.0,591.0
13395,3,1180.23,393.41
18277,5,1180.05,236.01
17058,3,1179.89,393.3
16614,3,1179.79,393.26
16693,5,1179.48,235.9
13797,3,1179.45,393.15
17062,6,1179.14,196.52
16345,2,1178.79,589.39
18025,6,1177.72,196.29
17539,4,1176.84,294.21
13233,4,1176.46,294.12
15210,3,1176.19,392.06
14370,6,1175.78,195.96
15994,3,1175.68,391.89
12885,3,1175.22,391.74
15068,4,1174.9,293.73
12915,4,1174.75,293.69
12640,3,1174.58,391.53
14126,4,1172.46,293.12
12691,7,1170.4,167.2
17373,7,1167.5,166.79
17664,4,1166.23,291.56
14693,7,1165.36,166.48
15525,4,1165.15,291.29
14261,2,1163.45,581.73
17525,3,1161.9,387.3
12546,2,1161.5,580.75
12972,4,1161.2,290.3
13897,3,1160.72,386.91
13459,2,1160.41,580.2
15088,2,1160.07,580.04
13601,4,1159.99,290.0
16838,4,1159.61,289.9
13499,5,1159.11,231.82
17513,3,1158.8,386.27
16184,6,1158.79,193.13
17169,3,1156.73,385.58
14788,3,1156.32,385.44
17127,5,1155.03,231.01
13030,2,1154.8,577.4
16637,4,1154.47,288.62
13462,5,1153.85,230.77
14818,6,1153.56,192.26
17984,5,1152.19,230.44
14475,4,1151.15,287.79
12475,2,1149.64,574.82
12710,3,1149.02,383.01
15028,6,1148.91,191.49
14308,2,1147.02,573.51
16766,2,1145.6,572.8
17477,2,1144.3,572.15
17770,5,1143.27,228.65
14585,5,1143.27,228.65
17201,4,1143.1,285.77
12439,2,1142.88,571.44
13856,11,1142.03,103.82
16521,3,1140.11,380.04
15586,3,1139.1,379.7
17500,3,1138.0,379.33
15879,4,1137.8,284.45
17302,5,1135.63,227.13
17866,3,1134.95,378.32
13109,3,1134.03,378.01
15022,5,1133.44,226.69
16989,6,1133.25,188.88
18125,4,1131.75,282.94
15500,4,1131.56,282.89
13393,4,1131.45,282.86
12616,3,1131.1,377.03
15695,4,1131.04,282.76
17622,2,1130.21,565.11
12427,3,1129.3,376.43
13447,3,1129.14,376.38
14450,7,1128.44,161.21
12373,3,1127.65,375.88
14671,2,1127.45,563.73
15969,5,1127.05,225.41
13167,5,1125.15,225.03
13778,4,1124.49,281.12
14917,2,1123.75,561.88
17492,3,1122.42,374.14
13486,3,1122.41,374.14
17562,7,1122.38,160.34
18218,4,1121.84,280.46
13368,4,1121.5,280.38
13589,6,1120.74,186.79
17007,7,1120.1,160.01
16354,5,1119.46,223.89
17423,3,1118.95,372.98
16430,7,1117.94,159.71
17788,2,1117.9,558.95
16278,3,1117.84,372.61
16769,4,1117.05,279.26
14080,5,1115.68,223.14
13509,8,1114.72,139.34
16203,6,1114.54,185.76
14672,4,1113.14,278.28
12679,4,1113.02,278.25
12648,4,1112.0,278.0
16139,5,1111.15,222.23
16702,4,1110.83,277.71
15933,3,1107.46,369.15
14375,3,1106.82,368.94
14891,4,1106.73,276.68
14102,5,1105.88,221.18
17812,7,1105.29,157.9
12434,3,1103.43,367.81
16895,5,1102.9,220.58
14948,6,1101.97,183.66
13295,4,1101.97,275.49
12785,3,1100.4,366.8
16014,5,1100.28,220.06
14009,3,1099.91,366.64
17137,6,1099.81,183.3
12421,6,1098.6,183.1
13108,2,1098.52,549.26
16916,4,1098.45,274.61
14971,3,1097.98,365.99
13835,7,1095.27,156.47
17703,4,1094.84,273.71
15745,4,1094.59,273.65
14460,9,1093.5,121.5
17726,7,1092.06,156.01
14199,4,1091.7,272.93
16805,5,1091.34,218.27
16211,3,1090.59,363.53
15254,3,1088.35,362.78
16188,5,1087.66,217.53
16223,2,1087.05,543.53
15763,2,1086.92,543.46
14139,4,1086.8,271.7
13546,5,1086.24,217.25
16298,7,1085.7,155.1
14013,5,1084.57,216.91
17420,6,1084.43,180.74
16533,3,1082.81,360.94
14805,7,1082.55,154.65
14561,3,1080.76,360.25
13744,2,1080.52,540.26
14343,4,1079.66,269.92
13726,2,1079.66,539.83
13567,4,1079.29,269.82
15546,2,1079.1,539.55
14352,4,1078.96,269.74
13656,4,1078.85,269.71
16183,4,1077.81,269.45
16642,3,1077.45,359.15
17366,2,1077.24,538.62
16071,4,1076.8,269.2
13607,2,1075.81,537.9
16048,4,1075.23,268.81
15912,9,1074.7,119.41
16231,4,1074.47,268.62
13727,8,1074.15,134.27
15238,3,1071.99,357.33
13467,2,1071.91,535.95
13521,3,1071.73,357.24
16593,8,1071.14,133.89
14484,4,1070.98,267.75
16884,4,1070.97,267.74
17522,5,1070.71,214.14
12728,5,1070.17,214.03
17871,5,1068.95,213.79
17854,6,1068.5,178.08
16386,3,1068.16,356.05
15436,3,1067.75,355.92
15626,3,1067.52,355.84
17277,2,1065.35,532.67
15639,3,1065.08,355.03
13959,6,1064.77,177.46
14966,6,1064.26,177.38
15801,3,1063.95,354.65
12936,4,1063.9,265.98
17849,8,1063.76,132.97
12815,2,1063.46,531.73
17616,4,1060.8,265.2
15706,4,1060.56,265.14
17421,3,1059.41,353.14
18130,3,1059.39,353.13
17214,6,1059.12,176.52
14734,4,1056.42,264.11
12791,6,1056.11,176.02
15645,3,1055.17,351.72
15977,2,1054.73,527.37
12716,2,1053.49,526.75
12580,2,1052.9,526.45
15886,4,1052.87,263.22
15855,6,1052.72,175.45
16391,4,1052.26,263.06
14947,6,1049.79,174.97
17934,3,1049.15,349.72
15026,5,1048.89,209.78
15839,3,1048.49,349.5
16728,4,1048.28,262.07
17578,7,1047.33,149.62
15407,4,1046.74,261.69
15091,3,1046.61,348.87
17555,5,1045.74,209.15
14108,4,1044.96,261.24
15535,6,1044.37,174.06
13359,2,1043.31,521.65
14813,4,1041.79,260.45
16903,3,1041.75,347.25
16261,6,1041.16,173.53
13613,5,1039.85,207.97
13873,8,1038.92,129.87
17042,5,1036.58,207.32
14902,3,1035.62,345.21
17926,5,1035.49,207.1
12811,5,1033.9,206.78
17724,3,1033.0,344.33
14248,3,1032.95,344.32
13000,4,1032.5,258.13
17405,3,1031.41,343.8
16198,2,1030.04,515.02
14932,2,1029.66,514.83
16418,5,1028.74,205.75
16385,5,1028.55,205.71
16682,5,1028.0,205.6
17869,7,1027.96,146.85
16227,3,1027.22,342.41
15887,3,1027.15,342.38
15003,6,1027.03,171.17
17749,3,1026.18,342.06
16160,2,1025.44,512.72
13602,4,1025.17,256.29
17310,2,1025.1,512.55
14204,4,1024.83,256.21
17362,7,1024.04,146.29
16568,2,1020.9,510.45
12572,2,1020.42,510.21
13376,3,1019.76,339.92
18142,2,1019.52,509.76
12403,2,1019.36,509.68
13956,5,1019.27,203.85
16441,5,1019.13,203.83
12828,6,1018.71,169.78
16284,3,1018.48,339.49
12905,2,1018.42,509.21
16787,4,1017.53,254.38
12793,3,1017.33,339.11
15970,2,1017.32,508.66
12652,2,1017.03,508.51
13641,5,1016.47,203.29
13333,3,1015.74,338.58
14675,2,1015.58,507.79
16623,4,1015.24,253.81
14355,3,1014.45,338.15
12410,3,1013.71,337.9
13466,5,1013.35,202.67
12642,3,1013.26,337.75
15951,3,1013.17,337.72
16451,3,1013.15,337.72
17980,4,1012.72,253.18
15713,4,1010.79,252.7
13039,4,1010.73,252.68
16572,3,1009.6,336.53
13258,5,1009.43,201.89
16287,5,1006.98,201.4
13429,4,1006.8,251.7
15850,6,1006.75,167.79
13238,6,1006.63,167.77
15771,3,1006.54,335.51
13427,6,1006.53,167.75
12703,4,1006.53,251.63
13549,8,1005.8,125.72
13867,3,1005.09,335.03
14214,5,1004.38,200.88
15363,2,1004.11,502.06
18160,3,1003.88,334.63
16435,3,1003.07,334.36
16122,6,1001.34,166.89
13857,6,1001.01,166.84
12545,2,1000.39,500.19
15508,6,1000.27,166.71
18143,2,1000.16,500.08
13005,4,999.68,249.92
12413,4,999.45,249.86
17205,3,999.35,333.12
17329,5,998.53,199.71
16863,3,998.52,332.84
17631,7,998.49,142.64
12722,4,997.63,249.41
16898,5,997.29,199.46
13965,3,996.61,332.2
16699,7,994.6,142.09
13292,5,994.51,198.9
17237,4,994.13,248.53
15104,2,993.54,496.77
17299,6,993.23,165.54
14223,3,991.13,330.38
13559,2,990.0,495.0
13245,2,989.22,494.61
15973,3,988.44,329.48
17883,7,988.42,141.2
16130,4,987.48,246.87
18237,5,987.1,197.42
13439,3,986.61,328.87
12862,2,984.62,492.31
17144,2,984.57,492.28
14142,2,983.15,491.57
15109,3,983.1,327.7
12541,3,981.18,327.06
14510,3,979.85,326.62
14230,3,979.8,326.6
15025,2,979.79,489.89
13350,2,979.12,489.56
14157,5,978.69,195.74
15132,5,977.93,195.59
14454,5,977.3,195.46
17123,3,977.17,325.72
17221,5,976.62,195.32
15247,3,976.06,325.35
15406,4,975.87,243.97
16376,2,974.96,487.48
15646,5,974.61,194.92
15449,3,974.52,324.84
12994,3,974.42,324.81
17958,2,973.88,486.94
12525,3,973.73,324.58
16009,4,972.11,243.03
16535,3,972.04,324.01
14350,3,972.03,324.01
17100,2,971.74,485.87
14953,4,971.32,242.83
15208,6,970.52,161.75
18006,4,969.51,242.38
13223,6,969.12,161.52
16254,3,967.44,322.48
14138,2,965.88,482.94
17987,5,965.44,193.09
15084,2,965.2,482.6
16763,2,964.7,482.35
15268,3,961.9,320.63
15156,3,961.49,320.5
16518,4,959.37,239.84
12588,4,958.78,239.69
12697,3,957.59,319.2
17080,7,957.53,136.79
12675,2,957.25,478.63
17172,3,956.57,318.86
16141,2,955.94,477.97
12990,7,955.5,136.5
14629,2,955.26,477.63
16947,5,955.21,191.04
15430,2,954.75,477.38
17298,5,954.26,190.85
15835,4,954.09,238.52
17189,5,953.63,190.73
12414,6,952.41,158.73
14615,5,951.76,190.35
17955,6,949.9,158.32
17081,6,949.39,158.23
13046,3,949.25,316.42
13636,5,949.12,189.82
12822,2,948.88,474.44
12874,2,948.42,474.21
12355,2,947.61,473.8
17516,6,947.5,157.92
16136,4,946.8,236.7
14994,5,946.72,189.34
16861,5,946.59,189.32
17356,5,946.47,189.29
16146,4,946.38,236.59
18217,4,945.04,236.26
17544,3,944.82,314.94
13261,2,944.1,472.05
17860,4,943.84,235.96
16199,7,942.75,134.68
17604,6,942.38,157.06
15385,3,942.08,314.03
14958,6,941.99,157.0
14326,3,940.98,313.66
13416,3,940.8,313.6
15107,9,940.35,104.48
13936,3,939.66,313.22
16109,3,939.48,313.16
17527,4,939.37,234.84
14437,5,936.34,187.27
17020,2,935.62,467.81
14140,2,935.05,467.52
12942,3,934.35,311.45
16781,2,934.25,467.13
15792,2,933.84,466.92
15787,3,933.26,311.09
16661,4,932.76,233.19
18154,5,932.6,186.52
13465,2,931.12,465.56
14924,3,931.01,310.34
15723,4,930.7,232.68
14338,3,928.1,309.37
13288,5,927.61,185.52
15243,2,927.28,463.64
17805,2,927.03,463.51
16975,3,926.12,308.71
12745,3,925.41,308.47
13805,2,924.6,462.3
14128,3,924.21,308.07
18001,6,924.14,154.02
16643,2,923.11,461.56
13034,3,922.68,307.56
17322,5,922.59,184.52
15654,2,922.53,461.26
13122,2,922.39,461.19
17472,4,922.35,230.59
16362,6,922.16,153.69
14605,4,921.56,230.39
12638,2,921.49,460.75
15957,3,921.25,307.08
14272,4,920.81,230.2
17363,3,920.46,306.82
12998,3,920.08,306.69
13872,3,919.57,306.52
15304,9,919.55,102.17
17760,6,918.93,153.16
16204,3,918.71,306.24
14342,6,918.44,153.07
14061,3,917.43,305.81
15707,4,916.98,229.25
14423,3,916.61,305.54
14176,5,916.01,183.2
14839,3,915.28,305.09
14141,4,915.13,228.78
14549,4,913.6,228.4
15364,2,913.19,456.6
14359,3,912.18,304.06
15244,3,912.08,304.03
16034,6,911.32,151.89
14289,6,911.26,151.88
14133,4,911.14,227.78
16138,3,910.35,303.45
13038,3,908.46,302.82
15097,3,908.35,302.78
17464,3,907.14,302.38
14714,4,906.24,226.56
12808,5,906.1,181.22
13573,6,904.52,150.75
13255,3,904.46,301.49
15180,3,904.43,301.48
17746,4,904.18,226.04
17176,3,902.32,300.77
17382,8,902.28,112.78
13548,3,901.44,300.48
15511,5,900.53,180.11
12945,2,900.11,450.06
14729,3,899.73,299.91
12940,2,899.69,449.84
16834,2,898.96,449.48
15992,3,896.6,298.87
13996,2,895.76,447.88
17226,3,895.47,298.49
17155,7,892.46,127.49
16784,5,892.33,178.47
16442,5,891.98,178.4
15393,5,891.34,178.27
16361,4,891.21,222.8
14065,3,891.02,297.01
15824,2,890.94,445.47
17537,2,887.67,443.84
16900,3,887.11,295.7
15900,4,886.57,221.64
16228,3,885.71,295.24
17704,2,885.19,442.6
16411,4,884.94,221.24
17708,4,884.18,221.05
15907,3,882.72,294.24
18141,2,882.47,441.24
16387,5,882.46,176.49
17480,2,882.23,441.12
17143,2,880.97,440.48
12680,4,880.81,220.2
16677,2,880.62,440.31
13937,2,880.13,440.06
14551,7,878.09,125.44
15653,2,877.44,438.72
14645,3,876.89,292.3
17864,5,876.57,175.31
13768,2,875.97,437.99
13166,2,875.93,437.97
14681,6,875.15,145.86
16513,4,874.59,218.65
16657,4,874.43,218.61
15469,3,874.25,291.42
17361,5,871.79,174.36
15224,5,871.36,174.27
13200,4,870.09,217.52
17566,2,869.77,434.88
14753,2,869.51,434.75
16948,7,868.77,124.11
16357,4,868.37,217.09
17167,3,867.11,289.04
16567,2,865.6,432.8
13922,3,865.2,288.4
14600,2,865.17,432.58
18156,2,862.52,431.26
16668,13,862.42,66.34
12787,4,862.18,215.54
17358,5,861.01,172.2
12794,2,860.41,430.2
14372,2,860.08,430.04
13891,3,859.21,286.4
12440,2,859.2,429.6
15870,4,857.46,214.37
15287,5,856.03,171.21
15542,3,855.71,285.24
17968,4,855.54,213.89
17064,3,855.45,285.15
12878,2,854.99,427.5
13945,2,854.15,427.07
14873,2,854.13,427.06
13991,6,852.88,142.15
14686,5,852.53,170.51
15266,5,852.21,170.44
16070,2,852.15,426.08
12696,2,851.91,425.95
17674,2,851.7,425.85
13479,4,851.37,212.84
16020,3,851.01,283.67
17223,3,850.88,283.63
18108,3,848.81,282.94
15264,2,848.4,424.2
15784,2,848.33,424.16
14202,3,847.76,282.59
13221,2,847.41,423.71
13487,5,846.87,169.37
16877,6,846.62,141.1
13970,2,846.55,423.27
14803,3,845.55,281.85
16500,9,843.91,93.77
14922,2,843.74,421.87
15070,3,843.25,281.08
16344,4,842.42,210.6
16846,3,842.41,280.8
17638,2,842.4,421.2
16810,2,842.04,421.02
14862,2,841.2,420.6
16798,3,841.16,280.39
12891,11,840.5,76.41
13169,3,840.08,280.03
18247,3,839.73,279.91
13940,4,839.14,209.78
17332,5,838.27,167.65
14037,6,836.95,139.49
14929,2,836.69,418.34
13569,4,836.36,209.09
13795,4,836.3,209.07
16747,2,836.06,418.03
13386,2,835.46,417.73
16737,2,835.2,417.6
15012,3,834.82,278.27
16644,2,833.78,416.89
13175,2,831.45,415.72
15766,3,831.06,277.02
15759,7,830.93,118.7
16924,3,829.89,276.63
14087,3,829.47,276.49
14851,3,829.41,276.47
12953,2,828.81,414.4
15617,3,828.55,276.18
17003,4,828.21,207.05
13681,4,827.83,206.96
17045,5,827.68,165.54
15945,4,827.27,206.82
12792,2,827.01,413.5
12461,2,826.88,413.44
12781,2,826.74,413.37
17880,3,824.92,274.97
13513,3,824.59,274.86
14260,3,824.28,274.76
16264,2,823.53,411.76
15137,2,823.4,411.7
14508,5,822.92,164.58
15847,5,822.57,164.51
16164,3,822.48,274.16
16680,3,821.45,273.82
16246,2,821.35,410.68
15314,3,820.45,273.48
16135,2,819.45,409.72
17683,3,819.01,273.0
15483,10,817.82,81.78
14890,3,817.25,272.42
18043,3,817.2,272.4
16869,4,817.12,204.28
14872,3,816.6,272.2
13514,4,815.9,203.97
15399,3,815.77,271.92
14556,3,815.69,271.9
13811,3,814.5,271.5
12763,2,814.16,407.08
16658,6,814.07,135.68
14624,6,814.07,135.68
16621,4,813.48,203.37
17194,3,812.5,270.83
16460,3,811.23,270.41
16624,2,810.57,405.28
13045,3,808.92,269.64
15533,3,807.57,269.19
17495,3,806.72,268.91
12797,2,806.11,403.06
12632,2,804.88,402.44
13637,3,804.3,268.1
18248,2,804.02,402.01
16469,5,803.9,160.78
15644,4,803.54,200.88
18265,2,801.51,400.75
16127,2,801.31,400.65
17114,8,801.12,100.14
17023,3,800.18,266.73
13720,4,799.9,199.97
13041,4,799.13,199.78
17251,3,798.98,266.33
16438,5,798.35,159.67
15309,4,797.96,199.49
13389,3,797.96,265.99
17281,6,797.85,132.97
15637,5,797.59,159.52
16155,5,796.9,159.38
15396,2,796.38,398.19
16952,5,795.83,159.17
18084,3,795.23,265.08
15831,3,794.64,264.88
16961,3,794.56,264.85
17212,3,794.41,264.8
16679,3,793.06,264.35
13296,6,792.51,132.09
14022,2,792.15,396.07
16250,3,791.38,263.79
14976,7,790.86,112.98
13484,3,790.72,263.57
13544,6,790.2,131.7
14656,5,790.0,158.0
13016,3,789.89,263.3
16759,3,789.79,263.26
16472,2,789.6,394.8
15448,2,788.81,394.4
17952,4,788.46,197.12
17817,6,788.15,131.36
14513,6,788.01,131.34
13323,5,787.85,157.57
16468,3,787.52,262.51
13212,3,786.83,262.28
14463,4,786.57,196.64
12628,3,786.46,262.15
16739,2,786.43,393.22
13770,4,785.37,196.34
13541,2,785.25,392.63
15806,3,784.58,261.53
13595,3,784.48,261.49
13415,4,784.17,196.04
15714,5,783.96,156.79
12761,2,782.95,391.48
16836,4,782.37,195.59
15952,4,781.91,195.48
17255,4,781.7,195.42
13453,3,781.69,260.56
13287,3,781.59,260.53
15679,4,781.28,195.32
15239,2,780.59,390.3
13502,5,780.5,156.1
15246,3,780.4,260.13
17691,4,780.05,195.01
18228,2,779.9,389.95
12735,2,779.57,389.78
12504,4,779.05,194.76
13781,3,778.83,259.61
14815,2,778.5,389.25
14690,4,777.68,194.42
13563,2,777.53,388.76
13745,2,777.36,388.68
15837,2,777.01,388.5
15794,2,777.0,388.5
15618,4,776.85,194.21
14997,4,776.6,194.15
15092,3,776.46,258.82
15743,4,775.96,193.99
13314,3,775.94,258.65
17482,2,775.64,387.82
15921,4,775.26,193.81
15414,3,774.9,258.3
15773,2,774.52,387.26
18058,3,774.06,258.02
18112,4,773.36,193.34
16565,4,773.05,193.26
17349,5,772.41,154.48
12923,3,770.42,256.81
17801,3,770.03,256.68
14838,2,769.92,384.96
16978,3,768.88,256.29
13980,5,768.82,153.76
15331,3,767.91,255.97
13712,2,766.42,383.21
12991,3,764.82,254.94
14413,4,764.52,191.13
13699,2,764.15,382.07
16602,2,763.33,381.67
17466,2,763.28,381.64
15428,4,762.75,190.69
16806,4,762.16,190.54
13598,5,761.96,152.39
14883,6,761.59,126.93
17425,2,759.17,379.59
18246,3,758.82,252.94
16720,3,758.74,252.91
15908,2,758.62,379.31
15568,3,758.29,252.76
15006,2,757.78,378.89
16392,3,756.7,252.23
16892,7,754.75,107.82
18034,3,754.2,251.4
14234,4,754.12,188.53
14247,5,753.56,150.71
17579,4,753.28,188.32
14998,4,753.18,188.29
13730,2,752.6,376.3
13070,4,751.7,187.93
16972,2,749.0,374.5
14048,3,748.69,249.56
15656,4,748.5,187.13
17387,2,746.81,373.4
14942,4,746.56,186.64
17889,7,746.42,106.63
14050,2,746.36,373.18
16465,2,746.24,373.12
18190,5,745.62,149.12
14228,3,745.5,248.5
13950,4,745.06,186.26
13236,2,744.85,372.43
12871,3,744.02,248.01
14104,5,743.53,148.71
17038,2,743.17,371.58
16730,3,743.11,247.7
15420,6,743.0,123.83
14302,3,742.9,247.63
12465,2,742.19,371.1
18275,2,741.85,370.92
13721,2,741.54,370.77
13713,3,740.76,246.92
15919,2,739.77,369.88
15720,2,739.22,369.61
15988,3,738.89,246.3
15462,4,737.05,184.26
16075,2,736.93,368.47
17461,3,735.82,245.27
15045,2,735.66,367.83
12527,5,735.51,147.1
17430,4,735.17,183.79
15938,9,734.81,81.65
17979,4,732.41,183.1
13780,3,732.07,244.02
13575,5,732.07,146.41
17548,4,731.26,182.81
17681,5,731.2,146.24
14778,2,730.86,365.43
13921,4,730.7,182.68
13452,3,729.8,243.27
12925,3,729.33,243.11
15872,4,729.25,182.31
17756,3,728.75,242.92
17547,2,727.85,363.93
17141,4,727.58,181.9
17374,3,727.11,242.37
16447,3,727.1,242.37
18078,4,725.53,181.38
12723,5,725.07,145.01
17964,2,724.97,362.49
13729,3,724.73,241.58
14798,8,724.31,90.54
17572,10,723.01,72.3
15368,2,722.74,361.37
17615,6,721.8,120.3
13441,2,720.9,360.45
16023,3,719.81,239.94
17999,3,718.8,239.6
13537,2,717.85,358.93
12573,5,717.41,143.48
16526,2,717.21,358.61
15274,2,716.57,358.28
12519,2,716.54,358.27
12535,2,716.35,358.17
12492,3,715.21,238.4
15330,2,714.96,357.48
13512,4,713.39,178.35
14026,2,713.11,356.55
13147,4,712.8,178.2
14470,3,712.04,237.35
15127,2,711.5,355.75
13103,3,709.64,236.55
13057,3,709.59,236.53
13927,2,708.26,354.13
14398,2,707.79,353.89
16449,2,707.69,353.85
13626,2,707.04,353.52
16309,2,706.57,353.28
17051,4,706.49,176.62
12890,2,706.02,353.01
16364,2,705.79,352.89
16882,3,705.12,235.04
16015,3,704.55,234.85
12883,4,703.47,175.87
15103,2,703.36,351.68
17561,4,703.02,175.75
14699,4,702.6,175.65
16997,3,702.0,234.0
17825,4,701.96,175.49
14324,2,701.61,350.81
14179,2,701.57,350.79
14356,2,701.23,350.62
13833,2,700.41,350.21
17163,4,699.78,174.94
13242,7,699.4,99.91
16018,4,698.13,174.53
14497,2,697.06,348.53
16415,3,696.76,232.25
15700,2,696.68,348.34
14959,4,695.42,173.85
13101,4,695.4,173.85
15053,3,693.95,231.32
14111,4,692.85,173.21
17733,2,692.19,346.1
12817,3,690.98,230.33
14880,3,690.59,230.2
16545,2,689.82,344.91
17834,2,689.67,344.84
17502,4,689.1,172.28
15361,4,689.07,172.27
12450,5,688.2,137.64
18017,4,688.0,172.0
15901,7,687.72,98.25
14809,2,686.76,343.38
13898,2,686.4,343.2
16824,3,686.24,228.75
17935,7,686.14,98.02
15257,2,685.9,342.95
15219,2,685.45,342.73
15184,4,685.39,171.35
16885,4,684.6,171.15
13585,3,684.54,228.18
15669,4,684.34,171.09
15207,3,683.92,227.97
17874,6,683.46,113.91
15582,3,682.91,227.64
13987,2,682.54,341.27
12601,6,681.26,113.54
18271,2,680.85,340.43
13524,5,680.18,136.04
13809,3,679.7,226.57
14151,2,679.45,339.73
13430,2,679.45,339.73
17782,2,679.02,339.51
14182,4,678.77,169.69
13925,4,678.25,169.56
13974,2,677.72,338.86
16601,3,677.0,225.67
13040,2,676.99,338.5
17462,2,675.69,337.84
13951,3,674.45,224.82
14504,4,673.26,168.31
16648,3,672.8,224.27
16226,5,672.17,134.43
17011,3,671.7,223.9
15562,3,671.43,223.81
17709,5,671.01,134.2
13398,2,670.34,335.17
17418,3,670.06,223.35
13741,3,668.43,222.81
16268,2,667.65,333.82
17962,4,666.96,166.74
18123,3,666.64,222.21
13217,4,666.48,166.62
17105,2,665.78,332.89
16132,2,664.2,332.1
16704,2,664.16,332.08
13596,2,664.11,332.06
15643,3,664.0,221.33
14720,3,663.81,221.27
16573,2,663.61,331.81
15350,2,663.25,331.63
12837,2,662.66,331.33
16862,4,662.33,165.58
14425,3,661.39,220.46
13028,2,661.32,330.66
12386,2,660.8,330.4
17375,4,660.55,165.14
15405,2,659.84,329.92
15492,2,659.46,329.73
13759,2,659.41,329.7
14452,4,658.95,164.74
14150,2,658.64,329.32
13433,4,658.32,164.58
16887,3,658.17,219.39
15715,5,658.02,131.6
16696,4,657.9,164.47
17852,5,657.81,131.56
17459,2,657.3,328.65
16157,3,656.69,218.9
14558,3,655.5,218.5
17371,6,655.37,109.23
16117,3,654.4,218.13
17398,3,653.38,217.79
13496,2,653.33,326.66
18121,2,653.3,326.65
15205,2,653.24,326.62
13820,3,652.75,217.58
17523,4,652.74,163.19
12855,4,650.94,162.73
16969,3,650.41,216.8
17779,3,650.32,216.77
14034,3,648.89,216.3
12844,4,648.6,162.15
16495,3,648.26,216.09
17777,3,647.56,215.85
16734,3,646.76,215.59
13474,3,646.59,215.53
14024,3,645.74,215.25
17380,3,645.0,215.0
12719,2,644.95,322.48
16185,3,644.72,214.91
17312,3,644.3,214.77
17963,4,643.16,160.79
15297,3,641.94,213.98
14537,2,641.4,320.7
12365,2,641.38,320.69
12624,2,641.13,320.56
13318,3,640.76,213.59
14563,2,640.54,320.27
12538,2,640.45,320.23
12880,2,640.13,320.06
15183,3,639.93,213.31
12734,3,639.65,213.22
15648,2,639.5,319.75
17998,3,639.24,213.08
16428,3,638.49,212.83
14664,2,636.24,318.12
15829,2,636.14,318.07
17334,3,635.15,211.72
14365,2,634.68,317.34
14219,3,633.83,211.28
15666,2,632.94,316.47
13540,3,632.39,210.8
14237,2,632.14,316.07
18183,2,632.07,316.03
13822,2,632.0,316.0
13706,2,631.17,315.59
16193,2,630.43,315.22
16399,3,630.22,210.07
13525,2,628.78,314.39
14283,4,628.44,157.11
16158,9,628.32,69.81
13480,2,627.82,313.91
13914,2,626.45,313.23
14381,2,625.94,312.97
14793,2,625.9,312.95
16715,2,625.52,312.76
16330,7,625.38,89.34
17134,3,625.3,208.43
13776,2,623.98,311.99
16750,5,623.93,124.79
16792,5,623.46,124.69
16431,3,623.28,207.76
15258,2,623.16,311.58
12575,2,622.82,311.41
14115,2,622.67,311.33
17005,2,622.36,311.18
18101,5,622.01,124.4
14169,2,621.51,310.75
16368,3,621.44,207.15
15016,5,620.89,124.18
13836,2,620.37,310.19
14339,2,620.27,310.13
15276,4,619.8,154.95
13444,2,619.08,309.54
13020,2,618.96,309.48
14079,2,618.73,309.37
13493,2,618.63,309.31
14594,2,618.33,309.17
12596,2,618.27,309.13
13301,4,618.09,154.52
14455,4,617.72,154.43
15956,2,617.6,308.8
14377,2,617.05,308.52
16311,2,616.26,308.13
17639,6,615.17,102.53
14077,6,615.08,102.51
16847,2,614.89,307.44
16566,5,614.66,122.93
16844,2,614.34,307.17
16343,3,614.12,204.71
14570,3,613.75,204.58
17035,4,613.59,153.4
15362,2,613.08,306.54
16178,2,612.6,306.3
16589,4,612.36,153.09
13008,3,612.13,204.04
15232,2,612.06,306.03
13731,2,610.59,305.29
13832,2,609.89,304.94
14636,2,609.85,304.92
15748,3,609.81,203.27
17325,3,609.57,203.19
17707,8,609.3,76.16
16675,2,608.86,304.43
13933,2,608.79,304.39
15018,3,607.46,202.49
17473,2,607.0,303.5
15717,5,607.0,121.4
17119,2,606.91,303.45
15158,2,606.02,303.01
16590,2,605.9,302.95
17507,2,605.58,302.79
14323,2,605.06,302.53
16321,7,604.55,86.36
12944,2,604.51,302.25
14611,2,604.33,302.16
13106,2,603.46,301.73
16080,4,602.56,150.64
12654,5,601.98,120.4
17270,2,601.45,300.73
17745,2,600.34,300.17
18211,5,600.07,120.01
17678,2,599.76,299.88
12556,2,599.56,299.78
13311,2,598.57,299.29
15424,3,597.78,199.26
14569,4,597.33,149.33
16780,3,596.4,198.8
15346,3,596.12,198.71
17845,4,596.09,149.02
14965,2,596.09,298.04
17209,3,595.7,198.57
17658,2,595.42,297.71
13684,4,594.88,148.72
14771,2,594.62,297.31
13558,4,594.52,148.63
14746,4,593.5,148.38
16412,5,593.19,118.64
18232,4,592.97,148.24
16776,2,592.51,296.25
13472,2,592.24,296.12
12790,2,591.85,295.93
17483,4,591.73,147.93
15524,2,591.4,295.7
17098,3,591.07,197.02
15160,4,589.27,147.32
15624,4,588.13,147.03
15191,3,588.05,196.02
17890,2,586.89,293.44
14173,6,586.0,97.67
17392,3,585.92,195.31
12384,2,585.27,292.63
12800,3,584.25,194.75
14023,2,584.07,292.03
15762,2,583.75,291.88
17014,3,583.43,194.48
14670,3,583.33,194.44
16445,4,583.16,145.79
15918,3,582.88,194.29
16802,2,582.61,291.31
16596,4,579.63,144.91
14529,3,578.61,192.87
18262,3,577.54,192.51
17557,4,575.46,143.87
17773,2,575.37,287.69
13262,3,573.45,191.15
17274,2,573.22,286.61
12879,3,573.22,191.07
13379,3,572.56,190.85
14053,4,572.3,143.07
12816,2,572.2,286.1
13816,2,571.67,285.83
15198,5,571.35,114.27
15691,4,571.3,142.82
18053,3,571.07,190.36
15821,2,570.96,285.48
13190,3,570.66,190.22
17122,4,570.5,142.63
15315,2,570.5,285.25
15857,2,570.48,285.24
14170,3,570.18,190.06
17433,2,569.96,284.98
15169,2,569.22,284.61
15920,9,569.14,63.24
13406,2,568.92,284.46
18244,2,568.64,284.32
13321,2,567.36,283.68
16667,2,567.18,283.59
14208,2,567.05,283.52
15627,2,566.9,283.45
13998,3,566.7,188.9
18150,3,566.58,188.86
13894,3,564.62,188.21
15344,3,563.94,187.98
15143,2,563.63,281.81
15597,2,563.37,281.69
14986,2,563.1,281.55
12559,2,561.71,280.86
17233,3,560.86,186.95
17413,2,560.14,280.07
14273,4,559.97,139.99
17503,2,558.96,279.48
14592,3,557.94,185.98
18127,4,556.13,139.03
13024,2,555.87,277.94
15102,2,554.67,277.33
15634,2,554.65,277.33
18056,2,554.6,277.3
16641,2,554.5,277.25
15650,2,553.88,276.94
12363,2,552.0,276.0
13677,2,551.24,275.62
16414,5,551.21,110.24
17265,2,550.01,275.0
15055,3,549.12,183.04
15842,2,548.8,274.4
13948,4,548.76,137.19
16936,2,548.29,274.14
18039,4,548.22,137.06
15598,2,548.02,274.01
16031,2,547.9,273.95
16811,2,547.07,273.53
17637,2,547.06,273.53
17295,3,547.0,182.33
15080,2,546.25,273.13
15728,2,544.6,272.3
16475,4,544.3,136.07
13955,3,544.07,181.36
14716,3,543.28,181.09
16927,3,543.05,181.02
15959,3,542.89,180.96
16519,4,542.76,135.69
13785,4,542.49,135.62
15675,4,542.04,135.51
16230,2,542.03,271.01
16060,3,541.95,180.65
16647,4,541.9,135.47
17447,2,541.53,270.76
17643,2,541.25,270.63
17580,5,541.02,108.2
16576,2,540.87,270.44
12743,2,540.13,270.06
17524,3,539.14,179.71
13812,3,539.0,179.67
14539,2,537.48,268.74
16804,3,536.99,179.0
13207,4,535.86,133.97
15890,5,535.65,107.13
12810,2,534.99,267.5
13807,3,534.8,178.27
17436,5,534.06,106.81
16707,4,533.41,133.35
13594,2,533.32,266.66
15433,2,533.3,266.65
15659,3,532.49,177.5
15115,2,531.85,265.93
14940,2,531.49,265.75
16583,2,531.4,265.7
16706,3,531.35,177.12
16935,3,530.86,176.95
15917,5,530.17,106.03
14002,2,529.73,264.87
17458,2,529.58,264.79
18191,2,529.4,264.7
16406,3,528.36,176.12
15756,4,528.01,132.0
14616,5,527.78,105.56
16421,3,526.27,175.42
15467,3,524.88,174.96
15683,2,524.54,262.27
17765,4,524.0,131.0
13277,7,523.3,74.76
13605,2,522.67,261.34
16413,2,522.03,261.01
17514,2,522.0,261.0
12956,4,521.89,130.47
15689,3,521.03,173.68
12571,2,519.61,259.81
12825,2,518.63,259.31
13600,2,518.42,259.21
18205,2,517.36,258.68
14311,2,516.45,258.23
13859,2,515.86,257.93
14949,4,515.0,128.75
17510,2,514.56,257.28
18212,2,514.37,257.19
12897,4,514.25,128.56
12977,4,513.88,128.47
18011,2,513.58,256.79
16829,2,513.32,256.66
13177,2,512.2,256.1
12361,4,511.25,127.81
16561,2,511.12,255.56
13710,3,509.52,169.84
12907,2,508.91,254.45
17391,2,508.8,254.4
13067,3,508.51,169.5
14552,3,507.93,169.31
17384,3,507.55,169.18
13885,2,506.8,253.4
13123,2,506.75,253.38
14647,2,506.04,253.02
14807,2,504.14,252.07
17630,2,503.6,251.8
12376,2,503.15,251.57
12419,2,503.01,251.5
17266,5,501.72,100.34
13865,4,501.56,125.39
15881,5,501.39,100.28
14968,2,501.24,250.62
13247,4,501.12,125.28
18049,2,500.92,250.46
17248,2,500.54,250.27
16616,2,500.42,250.21
17110,3,499.9,166.63
16402,2,499.1,249.55
17256,5,498.93,99.79
16488,3,498.8,166.27
14171,2,498.79,249.4
17680,3,497.45,165.82
17335,2,497.04,248.52
17923,3,497.0,165.67
12943,2,496.5,248.25
15278,4,496.16,124.04
12904,2,496.06,248.03
16977,4,496.0,124.0
17995,3,495.48,165.16
16352,2,494.44,247.22
15447,5,492.88,98.58
18203,4,492.52,123.13
14663,2,490.6,245.3
15877,2,490.33,245.17
14416,2,490.22,245.11
12634,2,490.0,245.0
17476,2,489.86,244.93
17715,2,489.6,244.8
17988,14,489.54,34.97
14722,3,489.52,163.17
18280,2,488.15,244.07
17608,4,488.06,122.02
16021,2,487.03,243.51
13733,2,487.03,243.51
13675,2,486.82,243.41
17453,2,486.72,243.36
12920,4,486.64,121.66
15216,2,486.09,243.05
16999,2,484.82,242.41
16024,3,483.99,161.33
16603,2,482.47,241.24
17996,3,482.33,160.78
12542,2,481.88,240.94
15174,2,481.46,240.73
15048,4,479.7,119.93
13428,3,478.54,159.51
15589,3,478.53,159.51
15277,2,476.34,238.17
15780,3,475.28,158.43
16552,2,475.02,237.51
14322,4,474.1,118.52
13194,2,472.78,236.39
14975,2,472.39,236.19
13642,4,472.2,118.05
13161,2,472.13,236.06
16038,3,471.78,157.26
16473,4,470.83,117.71
13066,2,470.8,235.4
15963,2,470.76,235.38
17254,3,469.48,156.49
14058,2,469.19,234.6
14369,2,469.13,234.56
13171,3,468.41,156.14
14491,2,468.13,234.06
17294,2,467.79,233.89
17187,2,467.71,233.85
14029,2,467.66,233.83
16390,3,467.5,155.83
12958,2,467.34,233.67
14052,2,466.66,233.33
14148,2,466.29,233.14
13248,2,465.68,232.84
17181,3,465.37,155.12
13928,4,464.57,116.14
15349,2,463.91,231.95
14727,3,463.73,154.58
17040,2,463.25,231.62
14331,2,462.66,231.33
15958,4,462.12,115.53
14954,2,462.12,231.06
15540,2,460.68,230.34
16310,2,460.08,230.04
17111,2,459.58,229.79
13957,3,458.25,152.75
14599,2,457.89,228.94
14011,2,457.82,228.91
15121,2,457.72,228.86
12375,2,457.5,228.75
17344,2,457.36,228.68
14819,4,456.41,114.1
16039,2,456.4,228.2
14296,2,456.4,228.2
12999,3,455.88,151.96
14335,2,454.86,227.43
16765,2,454.75,227.38
17067,3,454.54,151.51
17564,3,454.01,151.34
17376,4,453.64,113.41
18158,2,453.4,226.7
16799,2,452.78,226.39
13698,2,451.73,225.87
12831,3,451.11,150.37
15124,4,450.82,112.7
13150,3,449.97,149.99
14784,3,449.93,149.98
13877,3,449.68,149.89
13489,4,449.52,112.38
15126,2,449.49,224.75
15418,2,449.42,224.71
17823,2,449.25,224.63
14761,3,447.92,149.31
14780,2,447.68,223.84
13754,3,447.05,149.02
17370,4,446.18,111.55
14010,2,445.15,222.58
18134,2,445.0,222.5
12788,4,444.9,111.22
18270,3,444.55,148.18
16424,2,443.06,221.53
14996,2,442.29,221.15
17699,2,442.0,221.0
13954,2,439.92,219.96
16968,2,439.43,219.72
17718,2,439.18,219.59
13432,2,439.1,219.55
13964,2,438.9,219.45
17807,3,437.87,145.96
12552,2,437.82,218.91
17070,2,437.42,218.71
12672,2,437.05,218.53
16166,2,435.83,217.92
12445,2,434.98,217.49
15323,3,434.6,144.87
14910,4,434.35,108.59
14238,3,434.23,144.74
16888,3,434.2,144.73
16939,3,433.85,144.62
12493,2,433.74,216.87
16522,2,433.36,216.68
16604,2,432.45,216.22
15488,5,431.92,86.38
12452,2,430.57,215.28
12827,3,430.15,143.38
15461,2,429.7,214.85
15230,2,429.6,214.8
15036,3,429.56,143.19
13413,6,429.44,71.57
15888,3,429.16,143.05
17740,6,426.9,71.15
14877,2,425.85,212.93
13703,2,425.56,212.78
15545,2,424.3,212.15
16913,3,423.91,141.3
17330,4,423.8,105.95
14097,2,422.86,211.43
13374,2,422.8,211.4
16689,2,422.6,211.3
16149,3,422.22,140.74
16773,3,421.24,140.41
15206,4,420.3,105.08
15711,2,420.25,210.13
13672,3,419.92,139.97
13442,3,419.87,139.96
13079,6,419.18,69.86
15262,3,418.82,139.61
12593,3,418.1,139.37
13073,2,418.08,209.04
17232,2,417.77,208.88
16832,5,417.61,83.52
14762,2,417.57,208.78
17258,2,417.3,208.65
16816,4,417.06,104.27
15935,2,416.86,208.43
16957,2,416.64,208.32
15011,2,416.6,208.3
16356,6,415.87,69.31
12930,2,415.8,207.9
13565,3,414.8,138.27
18278,2,414.2,207.1
13002,3,414.13,138.04
13669,3,413.55,137.85
14082,2,413.36,206.68
17601,2,413.08,206.54
17767,2,413.05,206.52
17662,2,412.92,206.46
14620,2,412.78,206.39
16932,3,412.55,137.52
18050,2,412.06,206.03
15960,4,410.95,102.74
13827,3,409.8,136.6
15894,2,409.69,204.84
14581,2,409.65,204.82
16864,2,409.25,204.63
16921,3,409.21,136.4
16243,2,409.1,204.55
13686,3,409.04,136.35
12974,2,408.95,204.47
16629,2,408.63,204.31
16324,3,408.59,136.2
17285,2,407.94,203.97
12353,2,406.76,203.38
16632,2,406.4,203.2
17000,2,406.3,203.15
12741,2,406.07,203.03
16815,2,406.02,203.01
16484,2,404.3,202.15
12498,3,403.7,134.57
17785,3,403.38,134.46
16315,2,402.71,201.36
15504,4,402.7,100.67
17094,2,402.2,201.1
16998,5,402.0,80.4
14494,3,401.46,133.82
14471,2,400.95,200.48
14358,2,400.06,200.03
15501,2,399.95,199.97
15446,3,399.75,133.25
13252,2,399.3,199.65
17830,3,398.7,132.9
15522,2,397.99,199.0
12508,2,397.88,198.94
15037,2,397.76,198.88
15280,3,397.52,132.51
15429,2,397.35,198.68
17789,2,397.15,198.57
13597,2,396.71,198.35
15883,2,396.48,198.24
17918,3,396.39,132.13
15577,5,396.03,79.21
16893,2,395.82,197.91
13083,3,395.43,131.81
12677,2,395.1,197.55
16538,3,395.07,131.69
18048,3,394.93,131.64
17300,2,393.64,196.82
15437,2,393.45,196.72
17563,2,392.38,196.19
18110,2,392.28,196.14
16827,5,392.13,78.43
18024,2,389.78,194.89
17286,3,389.18,129.73
18227,2,388.75,194.38
13899,2,388.52,194.26
13673,2,387.44,193.72
17771,4,387.41,96.85
17595,2,386.69,193.34
16148,2,386.62,193.31
14779,3,386.15,128.72
13584,3,385.7,128.57
12889,4,385.46,96.36
12829,3,385.3,128.43
14826,2,385.2,192.6
17711,2,385.1,192.55
17171,2,384.59,192.3
16868,3,384.56,128.19
16433,2,384.52,192.26
17357,2,384.39,192.19
14598,2,384.04,192.02
13792,3,383.95,127.98
17804,3,383.78,127.93
15440,3,383.68,127.89
12547,3,383.58,127.86
12832,2,383.03,191.52
13817,2,382.98,191.49
17403,2,382.87,191.44
16988,2,382.67,191.34
13657,2,382.14,191.07
17753,4,382.06,95.52
17250,2,381.97,190.99
14908,2,381.9,190.95
17393,2,381.15,190.57
17573,3,380.6,126.87
14731,3,380.02,126.67
16930,3,378.89,126.3
17078,2,378.2,189.1
12651,4,377.75,94.44
17736,3,377.44,125.81
17783,3,376.96,125.65
16544,4,376.7,94.17
17489,2,376.64,188.32
14353,3,376.5,125.5
13997,3,376.46,125.49
14448,2,375.35,187.68
14067,2,374.7,187.35
17912,6,374.55,62.43
14736,2,374.05,187.02
13283,4,373.36,93.34
17810,2,373.16,186.58
14981,2,372.92,186.46
12895,2,372.8,186.4
12981,2,372.22,186.11
13164,2,372.2,186.1
17245,2,371.63,185.81
18155,3,371.62,123.87
14168,2,370.45,185.22
15458,2,370.44,185.22
14172,3,369.02,123.01
17792,2,368.35,184.18
15989,2,368.31,184.16
14962,4,366.91,91.73
16974,2,365.5,182.75
13545,2,364.93,182.47
17536,3,364.83,121.61
15949,2,364.72,182.36
14253,2,363.4,181.7
16078,2,362.99,181.5
16378,3,362.95,120.98
13962,3,362.8,120.93
14840,2,362.71,181.36
14122,3,362.42,120.81
17339,3,362.36,120.79
16448,2,361.12,180.56
17772,3,360.75,120.25
17945,3,360.35,120.12
15008,2,360.0,180.0
14926,2,359.4,179.7
16856,3,358.49,119.5
16606,2,357.66,178.83
18040,2,357.2,178.6
18273,4,357.0,89.25
14500,3,356.85,118.95
17200,4,356.71,89.18
15840,2,355.56,177.78
15863,5,355.1,71.02
15986,2,354.42,177.21
12888,2,354.12,177.06
12845,4,354.09,88.52
16323,2,353.66,176.83
16382,2,353.1,176.55
16690,4,353.03,88.26
15334,3,350.82,116.94
17252,2,348.91,174.45
17577,2,348.75,174.38
17668,2,347.75,173.88
17780,3,346.56,115.52
13234,2,346.5,173.25
15781,3,345.46,115.15
15519,2,344.61,172.31
16990,2,344.0,172.0
13068,2,344.0,172.0
18081,3,343.45,114.48
13519,2,343.21,171.61
17795,2,342.83,171.41
16851,3,342.45,114.15
17835,3,342.24,114.08
17660,2,342.22,171.11
16585,2,341.59,170.8
13187,4,341.36,85.34
17928,3,341.24,113.75
16259,3,340.94,113.65
17542,3,340.85,113.62
14799,2,338.15,169.07
13930,2,337.34,168.67
13482,2,336.09,168.05
17967,2,335.69,167.84
17917,3,335.03,111.68
14241,2,333.7,166.85
16234,3,333.18,111.06
16006,2,332.82,166.41
13904,2,332.64,166.32
16452,2,332.17,166.09
17647,3,331.66,110.55
15512,4,331.58,82.9
16478,3,331.0,110.33
15878,2,330.77,165.38
17776,2,330.56,165.28
14517,2,330.45,165.22
13010,2,330.12,165.06
17518,2,329.42,164.71
16286,2,328.95,164.47
16855,2,328.4,164.2
15213,2,328.35,164.17
15709,2,327.85,163.93
16322,2,326.75,163.38
13646,2,326.25,163.13
18047,2,326.09,163.05
12804,2,325.37,162.69
15670,2,325.2,162.6
18261,2,324.24,162.12
16685,2,324.24,162.12
13834,2,324.19,162.09
17440,4,323.58,80.89
16342,4,322.41,80.6
14823,3,321.43,107.14
17182,2,321.3,160.65
15869,3,321.11,107.04
15432,2,320.76,160.38
17843,2,320.4,160.2
17309,3,320.39,106.8
16436,3,319.14,106.38
17229,2,318.76,159.38
16273,2,318.34,159.17
15682,2,318.24,159.12
17267,2,317.2,158.6
17689,2,317.08,158.54
17408,3,316.09,105.36
15042,2,315.45,157.72
16091,2,315.06,157.53
15873,4,313.92,78.48
15196,2,313.7,156.85
12665,3,313.6,104.53
13226,2,312.46,156.23
17326,2,312.35,156.18
15724,3,310.85,103.62
16373,2,309.49,154.75
14181,2,308.35,154.18
13529,2,307.76,153.88
15374,2,307.32,153.66
13718,2,306.55,153.28
18059,3,306.46,102.15
16524,2,306.19,153.09
15454,2,305.99,153.0
15135,2,305.68,152.84
15163,2,304.47,152.24
16217,2,304.25,152.13
16674,2,304.24,152.12
14990,2,304.17,152.09
17383,2,304.09,152.05
16489,2,303.7,151.85
14806,2,303.43,151.72
18255,2,303.15,151.57
14043,2,302.6,151.3
15054,2,302.1,151.05
13773,2,301.54,150.77
16437,2,301.25,150.63
16479,2,300.83,150.42
16050,3,300.7,100.23
17556,2,300.67,150.34
17991,3,300.3,100.1
17766,2,299.61,149.81
12864,2,299.57,149.78
13346,6,299.4,49.9
17898,4,299.18,74.8
18018,4,297.99,74.5
14835,2,297.0,148.5
12898,2,296.21,148.1
17301,2,294.39,147.19
15060,4,294.25,73.56
13739,2,292.2,146.1
14985,2,292.01,146.0
17882,2,291.56,145.78
16897,2,289.78,144.89
15041,2,289.4,144.7
14162,2,289.36,144.68
17501,2,288.6,144.3
16808,2,288.42,144.21
17497,2,287.25,143.63
13508,2,287.05,143.52
14660,2,285.74,142.87
16890,3,285.41,95.14
15445,2,284.5,142.25
17359,2,284.46,142.23
15354,3,284.4,94.8
13616,2,283.85,141.93
15662,2,283.73,141.87
13909,2,282.85,141.42
15936,2,282.79,141.4
16557,2,281.85,140.93
13679,3,281.26,93.75
18042,2,281.15,140.58
12851,2,280.76,140.38
13080,4,280.73,70.18
14242,2,280.55,140.27
13581,2,280.53,140.26
14183,2,278.34,139.17
14303,2,277.94,138.97
15355,2,277.05,138.53
13606,3,276.75,92.25
13272,2,276.56,138.28
13399,3,275.4,91.8
16313,2,274.15,137.07
12789,3,273.35,91.12
13307,3,273.34,91.11
13861,2,273.26,136.63
13917,2,272.04,136.02
17292,2,271.75,135.88
14436,2,271.7,135.85
13058,3,271.4,90.47
15943,2,271.29,135.65
17278,2,271.24,135.62
14520,2,270.6,135.3
16757,2,270.48,135.24
13533,3,269.09,89.7
14039,2,267.28,133.64
15423,3,266.89,88.96
17786,2,266.85,133.43
13837,2,266.59,133.29
12962,2,266.39,133.19
16089,2,263.49,131.75
17808,4,262.64,65.66
14957,2,261.69,130.84
13189,2,260.68,130.34
17901,3,260.08,86.69
17022,2,260.0,130.0
17219,2,259.13,129.56
16502,2,258.55,129.28
15014,2,257.67,128.84
16542,2,257.32,128.66
15503,2,257.3,128.65
15852,3,257.26,85.75
14483,2,257.1,128.55
14876,2,256.7,128.35
13825,2,255.59,127.8
16911,2,255.25,127.63
12604,2,254.18,127.09
14765,3,254.11,84.7
13250,2,253.09,126.55
15552,2,252.52,126.26
13404,2,252.49,126.25
16453,2,251.71,125.86
14501,2,251.21,125.61
14166,2,251.15,125.58
13747,2,249.4,124.7
13592,4,247.96,61.99
16381,2,247.85,123.92
14658,2,247.15,123.58
15378,2,246.5,123.25
16778,2,245.94,122.97
15884,2,244.6,122.3
18002,4,244.37,61.09
13551,2,244.2,122.1
17892,3,244.1,81.37
13676,2,243.9,121.95
15543,2,242.26,121.13
13582,2,241.68,120.84
16427,2,241.06,120.53
15690,2,239.76,119.88
12663,2,239.4,119.7
13275,2,238.86,119.43
14473,2,234.34,117.17
13129,2,233.25,116.63
14995,2,231.98,115.99
18030,2,230.65,115.32
13960,2,230.22,115.11
14314,2,229.8,114.9
13403,3,229.5,76.5
17185,3,229.46,76.49
15566,2,227.87,113.94
14363,2,227.47,113.74
15451,2,226.86,113.43
13651,3,226.85,75.62
18005,2,226.47,113.23
14069,2,225.81,112.91
13619,2,224.94,112.47
14960,2,221.27,110.63
12821,2,220.8,110.4
13033,2,220.55,110.28
13992,3,219.5,73.17
15086,2,218.53,109.27
15591,3,217.9,72.63
16666,2,217.71,108.86
15401,2,216.95,108.47
18021,2,216.41,108.2
16189,2,215.48,107.74
14271,2,214.18,107.09
17217,2,210.1,105.05
17484,2,209.57,104.78
16487,2,209.4,104.7
17026,3,208.98,69.66
15741,2,208.62,104.31
15897,2,208.59,104.29
15212,2,208.28,104.14
16964,2,207.85,103.92
16866,3,207.74,69.25
17166,2,206.34,103.17
15914,2,205.99,102.99
14519,2,203.14,101.57
15459,2,202.83,101.41
14385,3,202.11,67.37
18281,2,201.14,100.57
13556,2,200.82,100.41
13133,3,200.45,66.82
15001,2,199.11,99.55
17184,2,198.41,99.21
13978,2,196.79,98.4
16112,4,195.74,48.94
15612,2,195.15,97.58
17468,3,194.8,64.93
17065,2,194.7,97.35
12522,2,192.72,96.36
14768,2,192.6,96.3
15729,3,192.55,64.18
16695,2,191.9,95.95
14279,2,191.86,95.93
14617,2,190.47,95.23
13972,2,190.25,95.13
17257,2,189.78,94.89
14697,2,188.61,94.31
17781,2,188.02,94.01
18013,2,187.29,93.65
18063,2,186.6,93.3
13460,2,183.44,91.72
14119,2,183.37,91.69
16819,2,182.59,91.3
15359,8,181.35,22.67
18147,2,179.34,89.67
15139,2,178.96,89.48
16691,2,178.83,89.41
17170,2,178.68,89.34
18282,2,178.05,89.03
14287,3,176.63,58.88
14486,2,175.5,87.75
14495,3,174.8,58.27
15684,3,173.95,57.98
15565,2,173.16,86.58
15403,2,170.88,85.44
15256,2,170.4,85.2
17737,2,168.24,84.12
18037,15,167.42,11.16
16405,2,167.25,83.63
13967,2,166.3,83.15
13470,2,165.0,82.5
14354,2,163.62,81.81
18174,2,162.5,81.25
18146,2,160.35,80.17
13420,2,159.85,79.92
13302,2,159.2,79.6
13051,2,155.8,77.9
15560,2,153.52,76.76
17327,2,152.35,76.17
15775,2,150.5,75.25
17946,2,149.58,74.79
13003,3,149.05,49.68
17549,2,148.86,74.43
15526,2,148.44,74.22
15283,3,148.33,49.44
13457,2,148.22,74.11
17794,2,147.3,73.65
18137,2,145.99,73.0
14972,2,145.07,72.53
16852,2,144.91,72.45
15816,2,144.15,72.08
17186,2,144.0,72.0
15702,2,140.39,70.19
16840,2,139.85,69.92
14707,2,139.2,69.6
16462,3,136.0,45.33
13144,2,135.35,67.67
17960,3,135.08,45.03
12512,2,132.18,66.09
14865,4,129.72,32.43
17847,2,129.69,64.84
16828,2,128.5,64.25
13666,5,127.9,25.58
14751,2,126.45,63.22
15779,2,124.08,62.04
17446,2,120.9,60.45
17816,6,112.32,18.72
17900,2,112.2,56.1
14464,2,111.0,55.5
16375,2,104.0,52.0
14836,3,102.45,34.15
17741,2,101.1,50.55
16498,2,100.97,50.48
17024,3,95.85,31.95
16506,2,90.3,45.15
15603,2,88.48,44.24
17763,4,86.15,21.54
15094,2,83.0,41.5
14785,2,77.4,38.7
15564,2,70.74,35.37
15516,3,62.43,20.81
12496,2,45.34,22.67
17916,2,43.87,21.94
17246,2,38.92,19.46
16454,4,30.95,7.74
14610,2,24.35,12.18
